Job,Fee Proposal,Variations
1200A,3750.0,0.0
1200B,2150.0,0.0
1200C,3500.0,0.0
1201,4335.0,0.0
1202,0.0,0.0
1203,2900.0,0.0
1204,300.0,0.0
1205,0.0,0.0
1206,0.0,0.0
1207,0.0,0.0
1208,0.0,0.0
1209,0.0,0.0
1210,0.0,0.0
1211,0.0,0.0
1212,0.0,0.0
1213,0.0,0.0
1214,0.0,0.0
1215,0.0,0.0
1216,0.0,0.0
1217,0.0,0.0
1218,0.0,0.0
1219,0.0,0.0
1220,0.0,0.0
1221,0.0,0.0
1222,0.0,0.0
1223,0.0,0.0
1224,0.0,0.0
1225,0.0,0.0
1226,0.0,0.0
1227,0.0,0.0
1228,0.0,0.0
1229,0.0,0.0
1230,0.0,0.0
1231,0.0,0.0
1232,0.0,0.0
1233,365.0,0.0
1234,0.0,0.0
1235,0.0,0.0
1236,0.0,0.0
1237,285.0,0.0
1238,0.0,0.0
1239,0.0,0.0
1240,0.0,0.0
1241,0.0,0.0
1242,0.0,0.0
1243,0.0,0.0
1244,0.0,0.0
1245,0.0,0.0
1246,0.0,0.0
1247,0.0,0.0
1248,0.0,0.0
1249,0.0,0.0
1250,0.0,0.0
1251,0.0,0.0
1252,0.0,0.0
1253,0.0,0.0
1254,0.0,0.0
1255,0.0,0.0
1256,7739.75,0.0
1257,0.0,0.0
1258,0.0,0.0
1259,0.0,0.0
1260,0.0,0.0
1261,0.0,0.0
1262,0.0,0.0
1263,220.0,0.0
1264,0.0,0.0
1265,0.0,0.0
1266,0.0,0.0
1267,0.0,0.0
1268,0.0,0.0
1269,0.0,0.0
1270,0.0,0.0
1271,0.0,0.0
1272,15236.75,0.0
1273,0.0,0.0
1274,19929.58,0.0
1275,0.0,0.0
1276,0.0,0.0
1277,0.0,0.0
1278,0.0,0.0
1279,0.0,0.0
1280,0.0,0.0
1281,0.0,0.0
1282,0.0,0.0
1283,0.0,0.0
1284,0.0,0.0
1285,2596.0,0.0
1286,0.0,0.0
1287,0.0,0.0
1288,0.0,0.0
1289,0.0,0.0
1290,0.0,0.0
1291,0.0,0.0
1292,4861.5,0.0
1293,734.25,0.0
1294,0.0,0.0
1295,0.0,0.0
1296,0.0,0.0
1297,9555.5,0.0
1298,0.0,0.0
1299,22587.0,0.0
1300,16427.81,0.0
1301,21263.0,0.0
1302,1500.0,0.0
1303,400.0,0.0
1304,3858.75,180.5
1305,0.0,0.0
1306,0.0,0.0
1307,0.0,0.0
1308,3500.0,0.0
1309,0.0,0.0
1310,0.0,0.0
1311,0.0,0.0
1312,0.0,0.0
1313,0.0,0.0
1314,0.0,0.0
1315,0.0,0.0
1316,0.0,0.0
1317,0.0,0.0
1318,0.0,0.0
1319,30490.5,0.0
1320,2290.0,500.0
1321,3730.75,1492.0
1322,3058.5,0.0
1323,1102.5,0.0
1324,750.0,0.0
1325,1001.0,0.0
1326,2997.5,937.5
1327,3627.5,725.5
1328,43073.79,0.0
1329,2043.75,0.0
1330,740.75,0.0
1331,2000.0,0.0
1332,4522.5,0.0
1333,400.0,0.0
1334,9684.0,333.6
1335,6719.45,0.0
1336,9000.0,0.0
1337,2290.0,5756.5
1338,0.0,0.0
1339,1700.0,0.0
1340,1000.0,0.0
1341,1747.25,0.0
1342,1750.0,2854.75
1343,2500.0,0.0
1344,5000.0,0.0
1345,63226.91,0.0
1346,92472.12,36565.04
1347A,15000.0,764.0
1347B,15000.0,-400.0
1347C,5000.0,0.0
1348,8000.0,0.0
1349,661.25,103.25
1350A,12000.0,727.5
1350B,12000.0,-800.0
1350C,9000.0,-250.0
1350D,12000.0,2596.5
1350E,8000.0,1757.5
1351A,2119.25,0.0
1351B,0.0,0.0
1351C,0.0,0.0
1351D,0.0,0.0
1352,2975.5,982.5
1353,6618.75,0.0
1354,1164.5,0.0
1355,617.5,0.0
1356,893.0,0.0
1357,117618.25,2593.67
1358,900.0,0.0
1359,652.0,0.0
1360A,12000.0,0.0
1360B,28727.5,-4861.5
1361,18435.88,0.0
1362,4712.75,0.0
1363,5173.5,0.0
1364,20292.4,0.0
1365,2010.75,0.0
1366,3487.5,832.5
1367,25460.75,856.25
1368,750.0,0.0
1369,4156.25,677.5
1370,0.0,0.0
1371,765.0,0.0
1372,6237.5,1810.0
1373,195.0,0.0
1374,458.0,0.0
1375,1614.5,0.0
1376,2500.0,250.0
1377,0.0,0.0
1377A,26161.5,0.0
1377B,18785.0,-146.0
1377C,30581.5,0.0
1377D,18084.5,0.0
1377E,26676.25,0.0
1378,577.5,0.0
1379,802.5,0.0
1380,3471.25,857.0
1381,0.0,0.0
1381A,5505.75,0.0
1381B,6472.25,0.0
1381C,4576.5,0.0
1381D,4295.25,0.0
1381E,5171.25,4.0
1381F,5535.25,837.5
1381G,7786.0,0.0
1381H,2950.25,0.0
1381I,4258.5,0.0
1381J,3550.5,0.0
1381K,269.0,0.0
1381L,6965.75,0.0
1381M,1865.0,0.0
1381N,7836.5,243.5
1381O,849.5,0.0
1381P,1054.5,0.0
1381Q,4532.5,1449.0
1381R,1486.25,0.0
1381S,5842.75,507.0
1381T,154.0,0.0
1381U,4726.0,0.0
1381V,1608.5,0.0
1382,648.75,0.0
1383,802.5,0.0
1384,4408.25,0.0
1385,1812.0,0.0
1386,2200.0,0.0
1387,1747.55,0.0
1388,38931.25,25098.75
1389,2250.0,0.0
1390,13000.0,0.0
1391,5094.75,1754.25
1392,892.5,0.0
1393,4575.0,0.0
1394,1689.75,0.0
1395,3253.5,0.0
1396,415.5,0.0
1397,2447.75,0.0
1398,14339.5,8073.0
1399,1025.0,0.0
1400,891.0,0.0
1401,4232.5,0.0
1402,5603.25,0.0
1403,5067.24,0.0
1404,4054.0,0.0
1405,1067.0,0.0
1406,1500.0,0.0
1407,1873.75,0.0
1408,0.0,0.0
1409,12510.0,0.0
1410,0.0,0.0
1411,8207.25,11778.309999999998
1412,12853.75,0.0
1413,21592.88,0.0
1414,4998.75,0.0
1415,3750.5,0.0
1416,1250.0,0.0
1417,0.0,0.0
1418,4054.0,0.0
1419,2000.0,819.0
1420,450.0,0.0
1421,3567.25,0.0
1422,1750.0,0.0
1423,0.0,0.0
1424,4372.75,325.0
1425,2396.0,0.0
1426,3051.25,0.0
1427,850.0,0.0
1428,1997.0,0.0
1428D,7261.75,0.0
1429,3055.5,0.0
1430,3192.0,0.0
1431,963.75,0.0
1432,2553.5,0.0
1433,8341.0,0.0
1434,2427.25,0.0
1435,765.5,0.0
1436,721.5,125.5
1437,1250.5,0.0
1438,780.0,0.0
1439,600.0,0.0
1440,1224.25,0.0
1441,412.0,0.0
1442,600.0,0.0
1443,44149.26,0.0
1444,27562.5,0.0
1445,10346.0,0.0
1446,3083.5,450.0
1447,3982.5,0.0
1448,27951.0,1350.0
1449,455.0,0.0
1450,780.0,187.0
1451,7389.0,0.0
1452,6875.0,0.0
1453,804.0,0.0
1454,1499.0,0.0
1455,1235.0,0.0
1456,11065.5,2111.5
1457,3041.0,0.0
1458,8362.5,0.0
1459,6065.5,0.0
1460,1324.0,0.0
1461,4625.0,1800.0
1462,2664.5,0.0
1463,2436.0,0.0
1464,1909.0,0.0
1465,400.0,0.0
1466,1902.5,0.0
1467,1836.25,0.0
1468,2714.5,0.0
1469,1941.0,0.0
1470,12412.25,0.0
1471,700.0,0.0
1472,7012.77,0.0
1473,8191.7,1966.6999999999998
1474,2076.5,150.0
1475,600.0,0.0
1476,272.0,0.0
1477,183391.25,22054.42
1477A,0.0,0.0
1477B,0.0,0.0
1477C,0.0,0.0
1477D,0.0,0.0
1477E,0.0,0.0
1477F,0.0,0.0
1477G,0.0,0.0
1477H,0.0,0.0
1477I,0.0,0.0
1477J,0.0,0.0
1477K,0.0,0.0
1477L,0.0,0.0
1477M,0.0,0.0
1477N,0.0,0.0
1478,1981.75,0.0
1479,1068.75,0.0
1480,12064.0,12682.76
1481,9444.0,22367.01
1482,6138.0,1649.17
1483,8775.5,32348.75
1484,8664.0,13720.1
1485,7077.25,18442.33
1486,8035.51,15293.75
1487,8334.0,13433.5
1488,1454.75,0.0
1489,968.5,0.0
1490,605.0,0.0
1491,475.0,0.0
1492,0.0,0.0
1492A,12974.25,2915.75
1492B,16792.75,3000.75
1492C,14280.5,1293.75
1492D,29019.07,1293.75
1492E,12974.25,2518.25
1492F,16792.75,1293.75
1493,982.5,0.0
1494,35468.57,0.0
1495,7535.75,3414.0
1496,13811.75,0.0
1497,15823.25,0.0
1498,19366.0,1246.0
1499,700.0,0.0
1500,1350.5,0.0
1501,11316.88,0.0
1502,500.0,0.0
1503,1886.0,0.0
1504,1750.0,0.0
1505,0.0,0.0
1505A,925.0,0.0
1505B,1750.0,0.0
1506,7297.25,0.0
1507,5175.25,0.0
1508,1345.0,0.0
1509,2640.25,0.0
1510,58611.0,23600.0
1511,7693.25,2739.0
1512,2691.5,0.0
1513,2700.25,0.0
1514,263.25,0.0
1515,661.5,0.0
1516,974.0,390.0
1517,4835.25,959.0
1518,1223.0,0.0
1519,11075.75,5154.75
1520,650.0,0.0
1521,1744.5,0.0
1522,650.0,0.0
1523,780.0,0.0
1524,3324.0,0.0
1525,2095.0,1300.0
1526,964.0,0.0
1527,945.0,0.0
1528,1060.25,0.0
1529,637.0,0.0
1530,2500.0,0.0
1531,1480.75,0.0
1532,2832.0,0.0
1533,750.0,0.0
1534,2428.0,0.0
1535,900.0,0.0
1536,2200.0,2000.0
1537,2768.25,1528.18
1538,700.0,0.0
1539,42032.0,5607.0
1540,0.0,0.0
1541,0.0,0.0
1542,0.0,0.0
1543,0.0,0.0
1544,0.0,0.0
1545,0.0,0.0
1546,0.0,0.0
1547,3463.5,0.0
1548,750.0,300.0
1549,670.5,0.0
1550,2813.25,0.0
1551,1875.0,0.0
1552,633.0,0.0
1553,528260.75,61490.31
1554,3432.25,1785.5
1555,1473.0,0.0
1556,1516.0,-1516.0
1557,1516.0,-1516.0
1558,4336.0,0.0
1559,3382.75,203.0
1560,3348.13,1443.0
1561,1516.0,-1516.0
1562,17611.0,0.0
1563,17064.0,0.0
1564,17324.0,0.0
1565,16974.0,6226.5
1566,4304.75,8435.0
1567,3735.75,0.0
1568,16016.5,1694.0
1569,5321.75,0.0
1570,500.0,0.0
1571,242.5,-242.5
1572,4656.63,-4656.63
1573,1240.0,2877.25
1574,1350.0,350.0
1575,375.0,0.0
1576,2833.0,730.5
1577,0.0,0.0
1578,2725.5,750.5
1579,700.0,0.0
1580,850.0,0.0
1581,532.5,0.0
1582,2365.75,916.25
1583,1250.0,0.0
1584,844.75,0.0
1585,750.5,0.0
1586,4016.0,0.0
1587,650.0,0.0
1588,260.0,0.0
1589,700.0,355.0
1590,2463.0,0.0
1591,950.0,0.0
1592,2250.0,825.0
1593,2300.0,0.0
1594,2176.0,0.0
1595,600.0,0.0
1596,4656.63,-1797.25
1597,3790.5,-525.75
1598,3783.5,-491.5
1599,159.5,0.0
1600,3038.5,5041.0
1601,880.5,0.0
1602,882.0,0.0
1603,750.0,0.0
1604,500.0,0.0
1605,3274.5,249.5
1606,1050.0,0.0
1607,11600.0,0.0
1608,7474.5,196.0
1609,6724.0,13426.25
1610,900.0,-900.0
1611,9279.75,2007.5
1612,17324.0,0.0
1613,17064.0,0.0
1614,17064.0,0.0
1615,1018.75,0.0
1616,6900.5,0.0
1617,1975.0,5081.75
1618,1246.5,0.0
1619,331.0,0.0
1620,275.0,0.0
1621,1284.0,0.0
1622,2673.25,2983.5
1623,14989.75,5346.0
1624,11862.0,0.0
1625,344.25,390.5
1626,4245.75,-4245.75
1627,3100.0,1100.0
1628,215.0,0.0
1629,0.0,0.0
1630,500.0,0.0
1631,948.25,0.0
1632,1498.0,2924.05
1633,1400.0,0.0
1634,873.75,0.0
1635,2556.5,0.0
1636,2236.25,3363.0
1637,900.0,0.0
1638,1250.0,0.0
1639,1250.0,0.0
1640,0.0,0.0
1641,0.0,0.0
1642,0.0,0.0
1643,974.0,0.0
1644,1151.0,3734.0
1645,844.0,2772.13
1646,0.0,0.0
1647,1775.5,0.0
1648,21222.5,0.0
1649,53736.25,2764.25
1650,340.0,0.0
1651,759.0,0.0
1652,500.0,0.0
1653,2219.5,0.0
1654,1174.5,0.0
1655,2101.0,-2101.0
1656,965.0,0.0
1657,2365.5,0.0
1658,2365.5,0.0
1659,1850.5,0.0
1660,1850.5,0.0
1661,3889.13,1224.87
1662,11030.0,-3183.75
1663,3935.0,0.0
1664,598.0,0.0
1665,12892.0,518.0
1666,15038.5,762.5
1667,13362.0,1712.0
1668,12782.5,0.0
1669,985.0,0.0
1670,2270.0,-1880.0
1671,750.0,-600.0
1672,0.0,0.0
1673,4943.5,825.0
1674,2341.0,0.0
1675,2219.5,0.0
1676,776.5,0.0
1677,1818.0,0.0
1678,3000.0,0.0
1679,3224.0,1713.0
1680,1105.0,0.0
1681,1697.0,0.0
1682,1781.5,0.0
1683,7510.0,0.0
1684,10040.0,6842.0
1685,125000.0,35998.5
1686,3193.5,4500.0
1687,1154.0,-1154.0
1688,373.0,0.0
1689,730.0,0.0
1690,11708.39,0.0
1691,7951.58,0.0
1692,10736.93,8334.24
1693,577.5,0.0
1694,103857.0,0.0
1694A,11737.5,-35.2125
1694B,12001.5,-651.5
1694C,12001.5,-651.5
1694D,11822.5,-472.5
1694E,12031.5,-5321.5
1694F,11732.5,-4661.0
1694G,11107.0,-4661.0
1694H,10711.5,-5321.5
1694I,10711.5,-5321.5
1695,3039.0,0.0
1696,1553.0,0.0
1697,900.0,300.0
1698,640.0,0.0
1699,7041.23,7787.82
1700,23369.73,59094.06
1701,0.0,0.0
1702,3041.5,675.0
1703,1893.5,0.0
1704,4575.25,-429.0
1705,9782.0,-8720.0
1706,750.0,0.0
1707,1900.0,0.0
1708,1435.0,0.0
1709,7817.0,0.0
1710,2289.0,0.0
1711,3483.5,257.5
1712,588.75,500.0
1713,450.0,0.0
1714,10599.0,0.0
1715,3200.0,8420.5
1716,1413.75,0.0
1717,957.0,0.0
1718,2120.0,0.0
1719,3845.0,490.33
1720,755.0,0.0
1721,817.0,234.0
1722,920.0,400.0
1723,1542.5,0.0
1724,3193.5,-3193.5
1725,2152.0,0.0
1726,12193.5,8808.5
1727,3000.0,0.0
1728,7417.0,525.0
1729,12595.0,3702.0
1730,1500.0,0.0
1731,17762.16,0.0
1732,19403.88,0.0
1733,4953.0,1095.0
1734,800.0,858.0
1735,750.0,0.0
1736,24050.0,3715.0
1737,926.0,0.0
1738,1615.0,0.0
1739,4827.0,0.0
1740,750.0,4345.0
1741,3000.0,0.0
1742,750.0,0.0
1743,3000.0,0.0
1744,2513.0,0.0
1745,8230.0,8447.0
1746,12677.0,1296.25
1747,956.0,2640.0
1748,1564.0,0.0
1749,9218.0,1388.0
1750,630.0,0.0
1751,4527.0,-914.5
1752,750.0,0.0
1753,1400.0,0.0
1754,12450.0,-4224.5
1755,750.0,0.0
1756,4500.0,0.0
1757,754.0,0.0
1758,1360.75,1228.0
1759,500.0,0.0
1760,750.0,0.0
1761,350.0,0.0
1762,2708.5,0.0
1763,976.5,0.0
1764,5150.0,0.0
1765,2750.0,0.0
1766,1464.0,0.0
1767,2739.5,0.0
1768,1000.0,630.0
1769,8210.0,0.0
1770,14320.0,0.0
1771,13849.5,0.0
1772,9976.5,0.0
1773,750.0,975.0
1774,2042.0,0.0
1775,2042.0,0.0
1776,2569.5,0.0
1777,600.0,0.0
1778,750.0,0.0
1779,2834.0,0.0
1780,0.0,0.0
1781,500.0,219.0
1782,722.5,-72.25
1783,18000.0,2500.0
1784,2505.5,0.0
1785,4165.5,0.0
1786,500.0,0.0
1787,5816.5,1119.0
1788,240.0,0.0
1789,750.0,0.0
1790,5263.5,0.0
1791,600.0,0.0
1792,12164.0,0.0
1793,11273.0,630.0
1794,15617.5,1008.0
1795,12867.5,5000.05
1796,9314.5,0.0
1797,600.0,0.0
1798,2042.0,0.0
1799,21145.74,2374.25
1800,12300.4,1051.23
1801,12300.4,1501.0
1802,1170.0,0.0
1803,552.5,0.0
1804,717.5,0.0
1805,850.5,0.0
1806,31497.0,0.0
1807,12804.5,0.0
1808,25467.26,1500.0
1809,1988.0,0.0
1810,11668.5,1188.75
1811,26488.5,4448.5
1812,17235.0,6031.0
1813,5839.5,0.0
1814,10019.0,11719.0
1815,6859.0,8280.0
1816,29553.5,0.0
1817,3325.5,0.0
1818,5250.0,2777.0
1819,1500.0,0.0
1820,1518.0,0.0
1821,1903.0,0.0
1822,744.5,0.0
1823,10860.0,-1629.0
1824,2499.5,0.0
1825,1970.0,300.0
1826,954.0,0.0
1827,8910.0,0.0
1828,1706.0,0.0
1829,8500.0,0.0
1830,750.0,0.0
1831,2036.25,0.0
1832,2506.5,377.5
1833,2491.5,377.5
1834,3623.75,762.0
1835,2481.5,377.5
1836,15258.75,0.0
1837,4829.25,4435.25
1838,3373.25,0.0
1839,13264.89,0.0
1840,0.0,0.0
1841,8153.0,0.0
1842,5617.0,0.0
1843,20000.0,12873.88
1844,6540.75,-0.25
1845,250.0,0.0
1846,2176.25,640.5
1847,2882.5,0.0
1848,3102.5,4510.75
1849,4790.5,1110.0
1850,687.5,0.0
1851,34480.0,0.0
1852,350.0,0.0
1853,48454.5,0.0
1854,1897.75,0.0
1855,775.0,0.0
1856,2477.5,0.0
1857,2877.0,722.5
1858,1508.0,3222.0
1859,5143.0,1709.0
1860,3038.5,0.0
1861,1556.25,0.0
1862,11209.25,0.0
1863,3950.0,0.0
1864,1000.0,0.0
1865,10231.5,0.0
1866,960.5,0.0
1867,5191.25,-1200.0
1868,5627.05,0.0
1869,15629.5,0.0
1870,2538.5,2773.5
1871,650.0,0.0
1872,4605.3,0.0
1873,2010.0,0.0
1874,3880.45,0.0
1875,840.0,0.0
1876,1360.75,0.0
1877,900.0,0.0
1878,3085.95,0.0
1879,18972.5,0.0
1880,645.0,0.0
1881,1475.0,8500.0
1882,239.5,-239.5
1883,11380.75,0.0
1884,431.25,0.0
1885,7367.75,-1720.0
1886,1701.5,0.0
1887,1000.0,600.0
1888,47374.5,0.0
1889,11553.44,0.0
1890,1287.25,0.0
1891,840.0,2105.0
1892,1846.0,8073.63
1893,5144.5,0.0
1894,20191.5,1388.5
1895,16838.5,1480.24
1896,19928.5,0.0
1897,4423.25,0.0
1898,2009.0,0.0
1899,0.0,0.0
1900,7309.63,1568.92
1901,0.0,0.0
1902,1488.25,0.0
1903,825.0,707.5
1904,1360.75,0.0
1905,6500.0,8800.0
1906,850.0,0.0
1907,5411.55,0.0
1908,2792.0,0.0
1909,8177.0,8407.0
1910,5680.0,17305.45
1911,10165.25,0.0
1912,0.0,0.0
1913,2686.25,0.0
1914,1815.0,0.0
1915,6956.45,0.0
1916,8050.95,0.0
1917,5730.75,-2154.25
1918,5810.75,0.0
1919,5698.7,1703.0
1920,6651.7,0.0
1921,3640.5,0.0
1922,3805.25,0.0
1923,43298.5,0.0
1924,8613.75,0.0
1925,2815.0,2301.25
1926,26500.0,0.0
1927,22750.0,0.0
1928,30100.0,0.0
1929,21100.0,0.0
1930,32000.0,0.0
1931,10957.0,0.0
1932,11380.75,0.0
1933,24812.5,0.0
1934,8456.5,0.0
1935,3947.25,0.0
1936,3700.5,1658.5
1937,7204.25,0.0
1938,13194.16,0.0
1939,4885.5,0.0
1940,500.0,0.0
1941,830.5,0.0
1942,543.0,0.0
1943,2445.0,0.0
1944,1487.5,0.0
1945,828.5,0.0
1946,11500.0,5795.5
1947,5600.48,0.0
1948,9950.5,-2000.0
1949,12328.25,-1998.82
1950,10243.25,0.0
1951,5590.36,0.0
1952,5590.35,0.0
1953,6119.01,0.0
1954,12157.25,0.01
1955,0.0,0.0
1956,0.0,0.0
1957,14772.62,0.0
1958,10455.63,0.0
1959,14130.96,0.0
1960,11219.02,0.0
1961,7982.37,0.0
1962,9379.9,0.0
1963,15392.93,0.0
1964,12201.87,15343.88
1965,14055.54,0.0
1966,11415.45,0.0
1967,16493.88,0.0
1968,26675.0,0.0
1969,3031.5,0.0
1970,3050.0,0.0
1971,1527.0,0.0
1972,4893.5,0.0
1973,1403.2,-172.2
1974,8026.99,0.0
1975,1319.5,-1319.5
1976,6207.0,0.0
1977,1224.0,0.0
1978,2405.75,0.0
1979,1715.75,770.0
1980,2532.0,3685.75
1981,2078.0,3425.0
1982,9250.0,47800.51
1983,25917.0,0.0
1984,666.75,0.0
1985,0.0,0.0
1986,4019.25,0.0
1987,48058.5,-4658.0
1988,1542.5,0.0
1989,363.0,0.0
1990,445.0,0.0
1991,2900.0,0.0
1992,14747.25,0.0
1993,2300.0,746.25
1994,1250.0,4931.75
1995,0.0,0.0
1996,16454.5,5174.25
1997,11110.25,0.0
1998,1900.0,0.0
1999,3471.5,0.0
2000,1769.0,0.0
2001,2515.0,-1257.5
2002,0.0,0.0
2003,985.0,0.0
2004,750.0,0.0
2005,750.0,0.0
2006,800.0,0.0
2007,800.0,0.0
2008,5585.63,0.0
2009,4832.13,2461.25
2010,5675.38,743.5
2011,14950.0,5962.0
2012,2150.55,0.0
2013,2096.5,0.0
2014,548.5,0.0
2015,1200.0,0.0
2016,3574.5,0.0
2017,0.0,0.0
2018,1523.0,0.0
2019,1468.0,0.0
2020,500.0,0.0
2021,9497.5,-1668.5
2022,6485.5,0.0
2023,0.0,0.0
2024,1587.5,0.0
2025,1483.0,0.0
2026,12146.0,-7457.5
2027,553.75,6041.75
2028,2849.0,2997.5
2029,2078.0,0.0
2030,2889.0,3453.75
2031,2058.0,0.0
2032,2053.0,0.0
2033,1150.0,2546.0
2034,1032.5,0.0
2035,20250.0,-450.0
2036,1888.5,0.0
2037,5905.0,0.0
2038,3379.25,0.0
2039,1309.5,0.0
2040,15442.25,8211.0
2041,8285.75,0.0
2042,2660.0,575.25
2043,800.0,0.0
2044,1575.5,0.0
2045,3055.0,0.0
2046,743.0,0.0
2047,4601.0,-195.0
2048,7595.25,347.61
2049,6997.35,-1492.5
2050,7171.25,10256.0
2051,1326.0,0.0
2052,2371.0,0.0
2053,6419.05,0.0
2054,6750.0,1545.5
2055,4280.5,0.0
2056,575.0,0.0
2057,990.5,0.0
2058,500.0,0.0
2059,23046.15,4262.5
2060,370.0,0.0
2061,220.0,0.0
2062,877.5,0.0
2063,2985.0,0.0
2064,9842.5,13173.5
2065,10206.0,9073.75
2066,10370.0,5909.0
2067,8980.0,0.0
2068,6807.5,850.0
2069,2895.75,0.0
2070,2895.75,-2895.75
2071,3825.75,0.0
2072,1829.5,0.0
2073,1041.25,0.0
2074,4628.5,-2134.0
2075,800.0,0.0
2076,14548.75,0.0
2077,0.0,0.0
2078,2000.0,4100.0
2079,761.0,0.0
2080,8313.5,363.75
2081,1182.5,0.0
2082,2573.0,607.0
2083,836.0,0.0
2084,400.0,0.0
2085,1587.5,0.0
2086,1028.5,0.0
2087,537288.89,0.0
2088,879.0,0.0
2089,2611.0,0.0
2090,9522.5,-3045.25
2091,12871.0,4216.5
2092,6032.5,4688.83
2093,6542.5,8965.83
2094,6377.5,14807.25
2095,8391.5,0.0
2096,6287.5,0.0
2097,5927.5,1169.17
2098,6137.5,1169.17
2099,6287.5,0.0
2100,8271.5,0.0
2101,10529.5,3324.25
2102,6032.5,1169.17
2103,2119.75,0.0
2104,2234.63,0.0
2105,7500.0,0.0
2106,3281.0,0.0
2107,4421.0,158.63
2108,3067.5,0.0
2109,6847.5,0.0
2110,2564.5,865.0
2111,2927.5,0.0
2112,3858.5,-1076.0
2113,3258.5,3182.5
2114,988.0,0.0
2115,410.0,0.0
2116,771.5,0.0
2117,37332.0,-19502.3
2118,5365.5,3412.25
2119,4256.5,0.0
2120,2613.0,0.0
2121,12350.25,2124.75
2122,4856.25,0.0
2123,2162.0,0.0
2124,462.0,0.0
2125,750.0,0.0
2126,13291.0,8273.25
2127,19750.75,2877.0
2128,1800.0,1000.0
2129,21150.25,5910.75
2130,3711.5,1299.0
2131,750.0,0.0
2132,55277.75,13478.75
2133,2000.0,0.0
2134,29400.0,14306.63
2135,14565.5,1474.5
2136,14673.5,3687.0
2137,48466.75,0.0
2138,12625.5,520.75
2139,23629.75,670.0
2140,2076.0,0.0
2141,2009.5,300.0
2142,10057.0,0.0
2143,4880.75,0.0
2144,5090.75,0.0
2145,5090.75,0.0
2146,5090.75,0.0
2147,29045.75,0.0
2148,3890.5,9164.0
2149,11265.5,0.0
2150,0.0,0.0
2151,1685.5,0.0
2152,14784.75,1337.1
2153,8200.0,0.0
2154,2856.25,1192.5
2155,4000.0,0.0
2156,26704.0,0.0
2157,427.5,0.0
2158,3901.0,0.0
2159,1637.75,325.5
2160,2214.73,0.0
2161,4216.0,2554.0
2162,0.0,0.0
2163,61234.0,80259.5
2164,12500.0,2500.0
2165,7199.0,0.0
2166,17607.9,-1219.75
2167,0.0,0.0
2168,2600.0,0.0
2169,491.28,0.0
2170,26306.75,645.0
2171,6659.5,0.0
2172,6183.0,-2189.5
2173,7891.75,0.0
2174,4199.5,0.0
2175,4893.75,0.0
2176,23023.75,0.0
2177,20350.0,0.0
2178,2835.5,0.0
2179,46878.27,44423.5
2180,0.0,0.0
2181,0.0,0.0
2182,0.0,0.0
2183,0.0,0.0
2184,0.0,0.0
2185,0.0,0.0
2186,0.0,0.0
2187,12106.0,8571.5
2188,4200.0,0.0
2189,583.5,0.0
2190,11618.0,1668.48
2191,14768.0,12191.25
2192,13449.5,0.0
2193,5762.5,0.0
2194,1643.0,0.0
2195,1237.25,11599.0
2196,7269.0,-1386.35
2197,800.0,0.0
2198,2933.0,0.0
2199,1100.0,0.0
2200,2243.25,0.0
2201,950.75,0.0
2202,4432.5,0.0
2203,1365.5,1.0
2204,1510.75,2317.75
2205,14880.5,0.0
2206,2500.0,0.0
2207,557.0,0.0
2208,1366.5,0.0
2209,2135.25,-3.0
2210,5641.75,2711.0
2211,1415.0,0.0
2212,15822.5,8700.75
2213,4877.25,0.0
2214,26679.5,0.0
2215,3683.75,0.0
2216,18371.25,0.0
2217,21784.75,8325.5
2218,10582.5,7276.0
2219,24733.75,0.0
2220,15792.25,0.0
2221,20277.75,23914.0
2222,19736.75,6057.25
2223,508.0,508.0
2224,880.0,-220.0
2225,7495.0,0.0
2226,4246.0,-351.0
2227,641.25,0.0
2228,855.0,641.25
2229,1215.5,0.0
2230,8722.98,34268.5
2231,6130.15,692.25
2232,6874.79,692.25
2233,20685.75,0.0
2234,11970.7,0.0
2235,10776.57,1218.49
2236,11963.84,0.0
2237,11957.96,0.0
2238,11037.25,922.67
2239,29976.37,0.0
2240,6581.68,5548.61
2241,6555.71,5477.5
2242,16500.83,0.0
2243,9316.13,6247.5
2244,5228.0,5932.18
2245,6059.1,8369.81
2246,5285.14,6075.61
2247,6079.92,7644.04
2248,7811.56,30428.75
2249,8556.87,2440.25
2250,1899.0,0.0
2251,12782.75,47530.25
2252,9966.5,6870.0
2253,20267.98,3609.5
2254,653.0,0.0
2255,6115.75,1966.0
2256,3807.0,0.0
2257,14000.0,8036.0
2258,1426.75,6481.43
2259,6842.5,0.0
2260,488.5,0.0
2261,985.0,0.0
2262,2386.75,0.0
2263,65535.5,0.0
2264,0.0,0.0
2265,681.0,0.0
2266,1716.25,-205.0
2267,566.0,1106.75
2268,19277.0,0.0
2269,86659.5,0.0
2270,2051.25,0.0
2271,28480.75,2490.0
2272,796.5,0.0
2273,10899.5,0.0
2274,858.5,0.0
2275,5906.0,0.0
2276,26035.0,-7904.0
2277,557.0,0.0
2278,1198.0,1057.0
2279,2583.0,3985.25
2280,953.0,0.0
2281,34215.75,0.0
2282,1908.0,0.0
2283,1388.0,3799.75
2284,1500.0,0.0
2285,2870.0,0.0
2286,1810.75,489.5
2287,5489.5,-3721.5
2288,0.0,0.0
2289,8889.0,7108.25
2290,868.0,1306.0
2291,5600.0,-5600.0
2292,1614.0,0.0
2293,616.0,0.0
2294,21993.0,3119.0
2295,8896.25,-3239.75
2296,1414.0,0.0
2297,5400.0,558.75
2298,350.0,0.0
2299,2252.25,747.0
2300,361.5,0.0
2301,17087.0,-5154.5
2302,1057.0,868.0
2303,1274.5,0.0
2304,870.0,742.0
2305,3207.5,1147.5
2306,5144.27,1619.94
2307,1041.1,0.0
2308,3425.5,0.0
2309,3000.0,0.0
2310,1085.0,0.0
2311,6481.5,0.0
2312,1020.0,0.0
2313,6345.0,4108.95
2314,3750.0,0.0
2315,2900.0,700.0
2316,13542.0,20245.5
2317,600.0,250.0
2318,2429.5,0.0
2319,21052.25,22903.25
2320,1902.0,3857.25
2321,1909.59,1013.63
2322,868.0,0.0
2323,1010.0,0.0
2324,2799.25,1575.0
2325,4208.25,0.0
2326,10796.5,28834.0
2327,0.0,0.0
2328,0.0,0.0
2329,0.0,0.0
2330,0.0,0.0
2331,0.0,0.0
2332,28634.25,-4370.25
2333,26745.75,0.0
2334,21506.5,0.0
2335,10725.0,0.0
2336,17045.3,0.0
2337,7377.0,-307.5
2338,12143.5,3947.0
2339,5163.25,3777.25
2340,1375.0,0.0
2341,650.0,300.0
2342,1000.0,2850.0
2343,15116.5,3666.0
2344,12968.0,815.0
2345,1626.25,0.0
2346,1626.25,0.0
2347,130384.25,0.0
2348,2054.25,0.0
2349,2899.13,0.0
2350,5015.5,2000.0
2351,20472.5,0.0
2352,9155.25,0.0
2353,1086.0,0.0
2354,1124.0,0.0
2355,36669.5,-1937.25
2356,2269.0,0.0
2357,1124.0,908.0
2358,20118.5,10824.0
2359,18151.5,11647.5
2360,24177.75,26923.0
2361,4025.0,0.0
2362,2961.25,0.0
2363,1698.5,0.0
2364,54796.5,50603.9
2365,9133.8,0.0
2366,3002.75,3629.75
2367,750.0,0.0
2368,2263.25,5771.5
2369,3152.25,0.0
2370,11459.5,0.0
2371,14772.0,0.0
2372,6500.0,0.0
2373,137364.75,4027.5
2374,5075.5,0.0
2375,6432.5,0.0
2376,11709.25,9347.5
2377,11649.75,0.0
2378,3235.0,0.0
2379,0.0,0.0
2380,2662.3,-2129.84
2381,13357.25,0.0
2382,14999.5,3896.0
2383,16311.5,0.0
2384,24458.25,11624.5
2385,32773.25,18199.75
2386,25796.75,17585.2
2387,35010.25,13521.0
2388,13178.0,0.0
2389,854.0,0.0
2390,1148.5,0.0
2391,16934.5,0.0
2392,1728.75,1663.0
2393,2640.0,587.5
2394,10730.5,0.0
2395,1495.0,2427.5
2396,2588.0,0.0
2397,1148.5,850.0
2398,7102.5,-5205.5
2399,154412.9,0.0
2400,2921.75,6833.0
2401,11700.5,-4534.87
2402,2100.0,0.0
2403,1000.0,0.0
2404,1707.5,1290.0
2405,45205.25,17530.37
2406,10774.75,0.0
2407,850.0,1197.5
2408,3722.75,0.0
2409,0.0,0.0
2410,82962.5,2098.5
2410A,0.0,0.0
2410B,0.0,0.0
2410C,0.0,0.0
2410D,0.0,0.0
2410E,0.0,0.0
2410F,0.0,0.0
2411,11798.0,0.0
2412,3028.5,1360.0
2413,12000.0,0.0
2414,1455.0,750.0
2415,18759.75,0.0
2416,2947.0,0.0
2417,1623.0,0.0
2418,3902.25,1980.75
2419,3418.25,954.0
2420,1100.0,0.0
2421,9477.0,2500.0
2422,5090.0,450.0
2423,4056.25,0.0
2424,6898.5,1900.0
2425,1122.5,0.0
2426,1122.5,0.0
2427,1148.5,0.0
2428,1757.0,0.0
2429,0.0,0.0
2430,31585.0,12265.75
2431,3213.0,0.0
2432,500.0,841.25
2433,2814.5,0.0
2434,3751.25,1467.5
2435,2281.5,0.0
2436,3500.0,0.0
2437,11397.02,60915.5
2438,35773.7,6840.25
2439,47939.75,140236.5
2440,16293.23,18045.25
2441,22690.75,14062.75
2442,7616.94,0.0
2443,12560.44,11775.0
2444,36942.66,102159.25
2445,12402.25,19412.25
2446,31085.79,0.0
2447,24623.96,32912.97
2448,9311.98,23090.0
2449,7349.31,26779.75
2450,14024.75,0.0
2451,39223.29,0.0
2452,56178.74,7390.75
2453,9862.13,0.0
2454,4576.75,6714.25
2455,12395.66,0.0
2456,9180.12,0.0
2457,12563.36,6188.0
2458,8420.1,6351.5
2459,5201.87,5557.0
2460,5201.87,5557.0
2461,8420.1,6738.5
2462,19774.46,0.0
2463,29203.69,10993.5
2464,39182.33,21908.5
2465,4532.5,0.0
2466,2997.0,1904.5
2467,38781.0,17176.25
2468,10032.0,7605.5
2469,16841.25,7912.75
2470,13626.5,7267.0
2471,14532.75,8152.75
2472,12082.75,6520.5
2473,8591.5,3029.75
2474,13423.5,0.0
2475,14833.0,7402.0
2476,18487.75,7992.0
2477,62712.25,0.0
2478,6650.0,0.0
2479,625.0,0.0
2480,1745.5,0.0
2481,3403.5,-2180.75
2482,2748.5,-1100.0
2483,1875.0,0.0
2484,1600.0,0.0
2485,29610.0,3636.48
2486,300.0,0.0
2487,103502.0,0.0
2488,950.0,1059.0
2489,344.0,0.0
2490,9798.5,-1553.0
2491,4856.0,0.0
2492,1000.0,0.0
2493,1600.0,0.0
2494,1882.0,0.0
2495,3450.25,-669.06
2496,3450.25,-669.06
2497,4797.0,-3837.6
2498,18460.0,0.0
2499,18460.0,0.0
2500,41475.75,0.0
2501,91122.14,0.0
2501-001,0.0,0.0
2501-002,0.0,0.0
2501-003,0.0,0.0
2501-004,0.0,0.0
2501-005,0.0,0.0
2501-006,0.0,0.0
2501-007,0.0,0.0
2501-008,0.0,0.0
2501-009,0.0,0.0
2501-010,0.0,0.0
2501-011,0.0,0.0
2501-012,0.0,0.0
2501-013,0.0,0.0
2501-014,0.0,0.0
2501-015,0.0,0.0
2501-016,0.0,0.0
2501-017,0.0,0.0
2501-018,0.0,0.0
2501-019,0.0,0.0
2501-020,0.0,8412.25
2501-021,0.0,5474.5
2501-022,0.0,4360.0
2501-023,0.0,0.0
2501-024,0.0,0.0
2501-025,0.0,0.0
2501-026,0.0,0.0
2501-027,0.0,0.0
2501-028,0.0,0.0
2502,5876.5,0.0
2503,7480.0,0.0
2504,950.0,2047.5
2505,23182.75,4478.0
2506,30544.0,0.0
2507,3695.0,0.0
2508,5035.0,1236.5
2509,3852.5,1151.5
2510,28885.5,5741.0
2511,2749.5,600.0
2512,730.25,0.0
2513,34842.75,9897.0
2514,34888.0,-15279.85
2515,22730.0,2584.0
2516,37786.17,2626.0
2517,2072.5,0.0
2518,6328.5,0.0
2519,3846.5,1032.5
2520,5595.0,0.0
2521,3440.25,2583.5
2522,10247.0,123089.75
2523,2748.0,0.5
2524,1015.0,0.0
2525,1455.0,0.0
2526,6147.5,0.0
2527,3901.25,0.0
2528,3901.25,0.0
2529,4842.5,0.0
2530,3340.25,0.0
2531,3340.25,0.0
2532,3901.25,0.0
2533,3340.25,0.0
2534,17679.25,18246.75
2535,19545.5,0.0
2536,17014.75,33860.0
2537,2029.5,0.0
2538,8953.25,2809.0
2539,1151.0,0.5
2540,2606.5,0.0
2541,11046.25,0.0
2542,1151.5,2901.5
2543,816.0,0.0
2544,34371.95,0.0
2545,7550.0,0.0
2546,1517.5,0.0
2547,7570.5,391.1
2548,1290.0,0.0
2549,17452.0,0.0
2550,28227.75,3168.01
2551,104799.13,290011.99
2552,6881.5,0.0
2553,2997.0,0.0
2554,0.0,0.0
2555,2974.75,0.0
2556,1075.0,0.0
2557,1075.0,0.0
2558,1075.0,0.0
2559,1600.0,1137.5
2560,1059.5,0.0
2561,6299.75,-1250.0
2562,1645.0,183.5
2563,0.0,0.0
2564,1740.0,350.0
2565,10267.75,0.0
2566,58883.0,21621.51
2567,31283.25,0.0
2568,37323.75,14635.55
2569,2358.5,0.0
2570,5996.25,0.0
2571,1400.0,654.0
2572,3821.39,0.0
2573,852.0,0.0
2574,8268.5,3842.5
2575,12432.3,0.0
2576,1755.0,0.0
2577,40548.55,13711.0
2578,552.0,0.0
2579,2098.5,0.0
2580,10922.5,0.0
2581,15640.0,-2552.5
2582,17600.25,0.0
2583,3192.75,0.0
2584,4006.5,0.0
2585,0.0,0.0
2586,765.5,0.0
2587,14000.0,23053.5
2587A,0.0,0.0
2587B,0.0,0.0
2587C,0.0,0.0
2587D,0.0,0.0
2587E,0.0,0.0
2587F,0.0,0.0
2587G,0.0,0.0
2587H,0.0,0.0
2587I,0.0,0.0
2587J,0.0,0.0
2588,1304.0,0.0
2589,0.0,0.0
2590,16080.5,0.0
2591,16176.0,661.25
2592,4984.5,-471.25
2593,5000.0,2806.75
2594,4752.0,0.0
2595,10109.13,-2582.5
2596,74122.0,0.0
2597,22653.5,4711.25
2598,37752.0,0.0
2599,4711.25,27283.5
2600,66341.5,0.0
2601,8012.75,18930.0
2602,0.0,0.0
2603,0.0,0.0
2604,11984.0,31834.0
2605,0.0,0.0
2606,68145.5,0.0
2607,0.0,0.0
2608,0.0,0.0
2609,0.0,0.0
2610,0.0,0.0
2611,0.0,0.0
2612,0.0,0.0
2613,16755.0,571.0
2614,7171.5,10076.25
2615,7124.0,10076.25
2616,1917.15,0.0
2617,5454.5,1568.5
2618,802.0,0.0
2619,4050.0,0.0
2620,4534.75,0.0
2621,310.75,0.0
2622,4950.0,4147.5
2623,0.0,0.0
2624,12005.5,0.0
2625,5191.0,0.0
2626,5838.0,6206.25
2627,1400.0,0.0
2628,9652.25,2239.0
2629,3182.0,950.0
2630,5725.0,-1275.0
2631,2646.0,0.0
2632,2569.25,0.0
2633,0.0,0.0
2634,0.0,0.0
2635,1417.5,672.0
2636,1151.5,0.0
2637,1837.5,0.0
2638,62909.35,65151.12
2639,23650.0,10776.25
2640,3750.5,-1957.62
2641,2974.75,0.0
2642,7993.5,7932.75
2643,9190.25,-1507.5
2644,1100.0,950.0
2645,40183.25,0.0
2646,6440.25,0.0
2647,5336.0,0.0
2648,10830.25,0.0
2649,7691.0,0.0
2650,9977.75,0.0
2651,1099.75,0.0
2652,15156.5,0.0
2653,30228.35,0.0
2654,1471.0,0.0
2655,96292.5,35979.75
2656,3109.25,0.0
2657,0.0,0.0
2658,3639.0,5318.75
2659,2558.86,0.0
2660,1085.25,0.0
2661,496.25,0.0
2662,761.25,0.0
2663,4082.0,0.0
2664,10536.25,1476.0
2665,1857.5,0.0
2666,486.75,0.0
2667,40293.25,0.0
2668,22309.0,5933.5
2669,9668.25,5045.5
2670,7250.0,0.0
2671,3662.25,0.0
2672,871.75,0.0
2673,1903.0,0.0
2674,2292.75,0.0
2675,11272.25,1918.5
2676,2205.5,0.0
2677,31412.75,-666.0
2678,4045.5,0.0
2679,17756.0,1247.0
2680,13988.5,0.0
2681,17417.75,0.0
2682,491.0,0.0
2683,12030.0,-2312.5
2684,24847.0,0.0
2685,1289.5,3156.0
2686,1652.5,1450.0
2687,3375.0,0.0
2688,1540.0,0.0
2689,4061.0,-3153.0
2690,7961.5,602.0
2691,1688.0,0.0
2692,8858.75,0.0
2693,3189.0,0.0
2694,4690.25,1130.0
2695,9049.0,0.0
2696,3522.0,838.0
2697,3499.25,798.75
2698,467.0,0.0
2699,6097.0,0.0
2700,39218.0,0.0
2701,3605.0,52372.75
2702,5919.5,0.0
2703,1874.0,0.0
2704,2097.5,2398.0
2705,13497.0,-4897.25
2706,4495.0,-650.0
2707,2581.0,2885.75
2708,1151.5,0.0
2709,6510.75,0.0
2710,4710.25,0.0
2711,1644.25,0.0
2712,50236.95,-8214.95
2713,48150.25,0.0
2714,320.0,0.0
2715,1352.5,2282.5
2716,4250.0,0.0
2717,42828.25,0.0
2718,728.0,587.5
2719,2104.5,0.0
2720,2813.5,9918.5
2721,69781.75,23804.0
2722,1151.5,0.0
2723,67240.0,11239.8
2724,67164.0,0.0
2725,1686.0,0.0
2726,3406.5,750.0
2727,5072.75,1311.75
2728,1043.5,0.0
2729,11451.25,0.0
2730,1987.0,0.0
2731,3798.0,2728.0
2732,7260.0,1796.0
2733,7100.0,630.0
2734,618.0,0.0
2735,3867.0,0.0
2736,7451.75,0.0
2737,1912.25,0.0
2738,2129.0,606.0
2739,5909.5,732.25
2740,8883.25,2800.5
2741,4381.5,1032.5
2742,1918.0,0.0
2743,2605.5,-2405.5
2744,10695.25,6497.75
2745,64606.68,0.0
2746,55482.75,10749.54
2747,75125.25,0.0
2748,19750.58,0.0
2749,27275.58,2345.0
2750,45477.58,7050.5
2751,6273.0,0.0
2752,750.0,0.0
2753,24231.25,1943.0
2754,27368.28,7047.0
2755,5284.0,0.0
2756,6245.75,6304.5
2757,1172.0,0.0
2758,2195.75,0.0
2759,13232.5,0.0
2760,350.0,0.0
2761,891.5,0.0
2762,4918.0,0.0
2763,1115.0,25611.5
2764,1120.0,9771.5
2765,8469.5,0.0
2766,8473.25,0.0
2767,1620.75,0.0
2768,4819.0,961.25
2769,4003.5,0.0
2770,950.0,0.0
2771,0.0,0.0
2772,11160.0,892.5
2773,3883.25,11529.0
2774,1151.5,0.0
2775,7150.25,7053.25
2776,3815.0,0.0
2777,10264.5,0.0
2778,3443.0,0.0
2779,1717.5,948.5
2780,2986.5,0.0
2781,727.5,0.0
2782,137481.91,0.0
2783,35613.0,10600.0
2784,28510.0,0.0
2785,2979.0,0.0
2786,6823.5,0.0
2787,2200.0,0.0
2788,323.0,0.0
2789,5106.25,0.0
2790,0.0,0.0
2791,1335.0,0.0
2792,2436.25,0.0
2793,5820.5,997.0
2794,2195.75,0.0
2795,11388.15,3972.0
2796,941.0,0.0
2797,1602.5,0.0
2798,1602.5,0.0
2799,26108.25,10303.0
2800,54601.25,6470.0
2801,3787.5,0.0
2802,2417.75,0.0
2803,11182.31,0.0
2804,11384.0,3552.0
2805,2400.0,1151.5
2806,1945.0,47078.0
2807,4409.0,331.0
2808,1025.5,1700.0
2809,1796.0,0.0
2810,1663.0,0.0
2811,8008.5,0.0
2812,10134.0,0.0
2813,6997.5,0.0
2814,83000.0,0.0
2815,4729.75,0.0
2816,1166.0,0.0
2817,13338.0,0.0
2818,12802.5,0.0
2819,9788.75,0.0
2820,9834.75,0.0
2821,9834.75,0.0
2822,9827.75,0.0
2823,9808.75,0.0
2824,9803.75,0.0
2825,15901.0,0.0
2826,15901.0,0.0
2827,13772.25,0.0
2828,10343.0,0.0
2829,34161.5,0.0
2830,45975.5,-0.76
2831,12581.25,0.0
2832,16715.25,0.0
2833,4042.0,0.0
2834,5218.75,3740.0
2835,23992.0,-16557.5
2836,2896.0,950.0
2837,42334.0,19180.5
2838,2464.0,0.0
2839,8600.0,0.0
2840,1290.0,20811.63
2841,10899.25,0.0
2842,41321.5,11616.5
2843,665.0,2142.75
2844,819.5,1326.5
2845,13900.0,-5320.0
2846,7200.0,2360.0
2847,2309.75,4434.25
2848,873.0,-873.0
2849,30000.0,17485.25
2850,750.0,930.0
2851,951.5,0.0
2852,2004.25,1944.0
2853,1022.5,0.0
2854,5109.5,0.0
2855,1116.5,0.0
2856,137.5,0.0
2857,4736.25,6555.0
2858,3874.0,0.0
2859,950.0,0.0
2860,3300.0,2950.0
2861,6150.0,750.0
2862,1603.0,0.0
2863,12030.0,0.0
2864,7564.0,0.0
2865,755.0,0.0
2866,2537.0,0.0
2867,0.0,0.0
2868,0.0,0.0
2869,11200.0,7110.5
2870,10360.75,4849.75
2871,2872.5,6022.0
2872,896.75,0.0
2873,5799.5,0.0
2874,37802.75,5830.5
2875,3298.5,3474.25
2876,3700.0,0.0
2877,9980.5,18905.25
2878,1100.0,0.0
2879,3500.0,0.0
2880,2880.25,0.0
2881,15812.75,950.0
2882,4126.25,14642.5
2883,8099.5,472.75
2884,15503.5,0.0
2885,595.0,0.0
2886,31582.0,0.0
2887,1232.75,5187.25
2888,0.0,0.0
2889,45350.4,0.0
2890,9623.5,1218.75
2891,1151.5,0.0
2892,3551.5,0.0
2893,3232.0,1510.5
2894,3232.0,0.0
2895,1345.75,0.0
2896,15628.0,12896.0
2897,57756.5,0.0
2898,5425.0,151.5
2899,36183.0,20354.02
2900,4980.0,0.0
2901,4094.5,-613.5
2902,8904.25,0.0
2903,13176.5,0.0
2904,3377.0,1224.0
2905,8390.5,0.0
2906,2680.75,0.0
2907,1211.0,18042.0
2908,6637.0,0.0
2909,1957.5,0.0
2910,5774.0,906.5
2911,850.0,0.0
2912,11131.25,6949.75
2913,1571.75,0.0
2914,4512.95,0.0
2915,1151.5,0.0
2916,875.0,0.0
2917,2447.75,250.0
2918,2394.5,17182.5
2919,0.0,0.0
2920,3500.0,2948.0
2921,56384.5,0.0
2922,39491.0,0.0
2923,10638.75,5175.0
2924,59096.25,0.0
2925,39606.0,1695.0
2926,11736.5,0.0
2927,9204.25,7045.0
2928,21174.25,19481.5
2929,56087.45,34077.3
2930,1130.0,0.0
2931,950.0,0.0
2932,2934.75,0.0
2933,950.0,0.0
2934,9351.5,0.0
2935,17795.0,13454.5
2936,21030.0,0.0
2937,0.0,0.0
2938,23330.5,2054.0
2939,17283.0,8492.0
2940,4623.5,0.0
2941,6916.5,2939.6
2942,2000.0,0.0
2943,1607.5,4949.0
2944,9845.5,500.0
2945,3080.5,0.0
2946,1151.5,0.0
2947,1151.5,0.0
2948,5134.0,1735.0
2949,32166.25,18229.25
2950,1800.0,0.0
2951,26853.75,0.0
2952,3774.0,0.0
2953,996.0,0.0
2954,3452.5,5317.0
2955,1539.0,1104.0
2956,7653.0,248.0
2957,97768.75,168333.25
2958,75095.25,241238.0
2959,3848.25,1250.0
2960,10010.5,0.0
2961,2425.75,0.0
2962,935.0,935.0
2963,11260.0,0.0
2964,128595.85,82036.02
2965,750.0,0.0
2966,755.5,0.0
2967,522.0,0.0
2968,39001.25,0.0
2969,2402.0,0.0
2970,2785.75,0.0
2971,28385.0,6740.0
2972,626.0,0.0
2973,93256.76,0.0
2974,3443.75,0.0
2975,843.25,843.25
2976,5771.5,0.0
2977,2046.5,15945.3
2978,9700.0,387.0
2979,4642.0,1693.5
2980,29866.5,27662.5
2981,10000.0,0.0
2982,1900.0,2375.0
2983,47946.25,21012.75
2984,4391.0,0.0
2985,5950.5,0.0
2986,930.0,0.0
2987,6545.0,0.0
2988,0.0,0.0
2989,237.5,0.0
2990,8746.75,16555.75
2991,13382.75,14174.63
2992,131113.5,0.0
2993,2405.5,450.0
2994,500.0,0.0
2995,1917.25,0.0
2996,12591.5,2766.0
2997,2214.0,3037.5
2998,3632.0,0.0
2999,10482.0,5977.5
3000,1045.0,0.0
3001,0.0,0.0
3002,6877.0,6154.5
3003,10595.0,6154.5
3004,7584.5,3212.0
3005,8313.0,0.0
3006,1045.0,450.0
3007,857.5,0.0
3008,5164.5,0.0
3009,3805.0,-230.5
3010,56644.63,0.0
3011,1087.0,0.0
3012,8315.0,15140.0
3013,1420.0,0.0
3014,429.0,0.0
3015,0.0,0.0
3016,790.0,2790.25
3017,894.0,0.0
3018,29143.0,13322.75
3019,11270.0,0.0
3020,1602.0,1524.0
3021,2826.0,3351.0
3022,2491.5,0.0
3023,1978.0,0.0
3024,3619.25,0.0
3025,7651.0,813.0
3026,1218.5,0.0
3027,5742.25,967.75
3028,1704.0,0.0
3029,14376.5,38930.0
3030,1045.0,0.0
3031,1225.0,0.0
3032,2467.0,0.0
3033,950.0,0.0
3034,2740.75,0.0
3035,659.0,0.0
3036,4141.5,0.0
3037,44424.75,20780.0
3038,750.0,0.0
3039,3570.0,1703.5
3040,9985.25,0.0
3041,2891.75,0.0
3042,2499.0,826.0
3043,2345.0,9085.0
3044,13741.0,0.0
3045,6194.5,0.0
3046,3939.0,6736.75
3047,4545.0,0.0
3048,1476.5,0.0
3049,11778.75,10127.5
3050,8520.5,13637.0
3051,3723.0,13747.0
3052,1500.0,1059.0
3053,31851.5,13862.5
3054,7342.5,-1910.75
3055,1045.0,0.0
3056,6439.5,0.0
3057,434.0,0.0
3058,15179.75,0.0
3059,15141.25,14178.13
3060,1881.75,0.0
3061,4722.5,0.0
3062,4284.25,0.0
3063,3051.5,0.0
3064,5198.75,0.0
3065,3418.5,0.0
3066,11673.75,5638.7
3067,417.5,0.0
3068,3753.5,0.0
3069,3920.0,-2050.0
3070,8723.25,13386.25
3071,0.0,0.0
3072,2760.0,16148.5
3073,44613.0,0.0
3074,3672.0,0.0
3075,2840.5,0.0
3076,1421.5,0.0
3077,5165.25,957.5
3078,12255.5,0.0
3079,19809.0,0.0
3080,3401.0,0.0
3081,4192.5,0.0
3082,5910.0,1113.0
3083,23496.0,0.0
3084,5214.25,0.0
3085,1596.0,0.0
3086,14106.25,21111.0
3087,935.0,0.0
3088,1500.0,0.0
3089,26134.5,4683.0
3090,5365.25,1397.0
3091,6032.5,0.0
3092,4123.5,0.0
3093,5045.5,0.0
3094,3397.75,0.0
3095,3176.0,0.0
3096,16490.0,0.0
3097,73869.75,0.0
3098,11098.0,0.0
3099,8371.5,0.0
3100,666.0,5040.75
3101,2185.0,0.0
3102,0.0,0.0
3103,62554.55,20035.5
3104,73866.55,60044.25
3105,84358.8,54634.68
3106,83709.8,80451.59
3107,70107.3,46915.57
3108,100464.15,49315.75
3109,18725.5,0.0
3110,1493.75,689.5
3111,2454.5,265.0
3112,4201.0,0.0
3113,1949.0,0.0
3114,6257.5,0.0
3115,0.0,0.0
3116,0.0,0.0
3117,1823.0,0.0
3118,1430.75,0.0
3119,1500.0,0.0
3120,1200.0,0.0
3121,1296.0,0.0
3122,3122.5,0.0
3123,935.0,0.0
3124,2495.5,8503.5
3125,4781.5,0.0
3126,21977.25,17793.75
3127,4761.25,0.0
3128,500.0,0.0
3129,566.0,991.0
3130,1770.0,0.0
3131,2465.8,11838.9
3132,19656.0,0.0
3133,7436.5,6125.0
3134,1520.0,0.0
3135,11017.5,6171.3
3136,11017.5,6171.3
3137,1295.0,0.0
3138,19247.0,26592.0
3139,1245.0,1775.0
3140,1098.0,0.0
3141,1245.0,656.0
3142,994.0,0.0
3143,27092.0,19273.5
3144,1000.0,0.0
3145,309.0,0.0
3146,232.0,0.0
3147,656.0,0.0
3148,935.0,0.0
3149,1220.5,0.0
3150,10180.75,0.0
3151,6752.25,4135.0
3152,929.0,0.0
3153,7595.0,0.0
3154,2480.0,1435.0
3155,2434.75,3265.5
3156,7373.0,0.0
3157,18493.0,0.0
3158,1265.0,0.0
3159,1098.0,0.0
3160,18418.5,0.0
3161,18272.0,0.0
3162,45838.5,0.0
3163,44529.75,0.0
3164,6106.0,0.0
3165,12540.5,0.0
3166,12540.5,0.0
3167,950.0,0.0
3168,24106.0,7196.0
3169,1473.0,0.0
3170,6934.75,17993.25
3171,49345.5,0.0
3172,16956.25,19226.25
3173,1549.0,0.0
3174,2880.5,0.0
3175,6850.0,0.0
3176,12702.25,0.0
3177,2488.75,0.0
3178,30760.75,0.0
3179,117130.75,63187.5
3180,6083.75,0.0
3181,2354.0,11129.2
3182,15391.5,1233.4
3183,20083.5,13704.0
3184,936.0,4264.0
3185,1636.0,0.0
3186,1636.0,0.0
3187,0.0,0.0
3188,5405.25,0.0
3189,10733.0,0.0
3190,10112.5,0.0
3191,10112.5,0.0
3192,10117.5,0.0
3193,10117.5,0.0
3194,10144.5,0.0
3195,29124.0,0.0
3196,22341.75,0.0
3197,29174.85,0.0
3198,20534.0,0.0
3199,28425.75,0.0
3200,40840.52,0.0
3201,19862.65,28633.0
3202,66608.89,0.0
3203,37260.34,0.0
3204,2947.75,0.0
3205,2435.0,3066.0
3206,16312.0,2005.25
3207,2082.0,0.0
3208,12648.75,0.0
3209,1221.0,495.25
3210,1509.0,0.0
3211,2330.75,0.0
3212,30439.5,14377.25
3213,28857.5,0.0
3214,9045.0,0.0
3215,1265.0,0.0
3216,7671.5,0.0
3217,2564.0,0.0
3218,550.0,0.0
3219,6630.0,0.0
3220,2250.0,364.04
3221,896.25,0.0
3222,1245.0,0.0
3223,1533.0,-1533.0
3224,51046.4,9602.5
3225,0.0,0.0
3226,8452.5,0.0
3227,8687.5,555.0
3228,5323.38,0.0
3229,4406.5,0.0
3230,3352.0,0.0
3231,12755.5,0.0
3232,124981.5,0.0
3233,10794.8,0.0
3234,13622.75,0.0
3235,13808.5,0.01
3236,17825.5,0.01
3237,14073.0,0.0
3238,40603.0,3050.0
3239,37268.5,0.0
3240,118710.5,73568.25
3241,17279.5,2043.75
3242,32424.5,20075.0
3243,11466.5,0.0
3244,17058.25,0.0
3245,2707.25,639.0
3246,8571.75,3186.0
3247,1473.0,0.0
3248,1473.0,0.0
3249,1473.0,0.0
3250,1473.0,0.0
3251,1269.25,0.0
3252,1864.0,0.0
3253,1500.0,2651.5
3254,25483.75,0.0
3255,19961.6,2175.0
3256,9871.25,0.0
3257,778.0,0.0
3258,6035.0,3753.75
3259,1777.0,0.0
3260,12540.5,0.0
3261,12540.5,0.0
3262,2374.0,1195.5
3263,15008.25,0.0
3264,1445.0,0.0
3265,59393.25,56325.7
3266,16049.75,0.0
3267,1988.5,538.75
3268,1029.5,0.0
3269,5894.25,0.0
3270,2296.25,0.0
3271,6946.5,1950.0
3272,7928.0,0.0
3273,26202.15,0.0
3274,2794.5,0.0
3275,400.0,0.0
3276,2530.35,7202.05
3277,1500.0,0.0
3278,6902.0,5812.5
3279,7210.5,3415.6
3280,11148.5,2400.0
3281,1103.0,5226.25
3282,5860.0,0.0
3283,2771.0,0.0
3284,19483.0,0.0
3285,5467.75,5217.5
3286,9660.25,3955.0
3287,1484.0,0.0
3288,83681.25,0.0
3289,964.0,892.5
3290,833.5,0.0
3291,1950.0,0.0
3292,1980.5,0.0
3293,13219.25,762.5
3294,0.0,0.0
3295,41623.0,11811.25
3296,1863.5,0.0
3297,31234.16,0.0
3298,6586.0,0.0
3299,6647.5,0.0
3300,2624.25,0.0
3301,3317.0,0.0
3302,16082.0,0.0
3303,46980.5,0.0
3304,9033.16,9300.32
3305,51046.4,9602.5
3306,935.0,935.0
3307,3424.0,0.0
3308,5210.5,0.0
3309,1200.0,0.0
3310,1488.5,0.0
3311,2700.0,0.0
3312,21550.75,7377.83
3313,62249.88,0.0
3314,1182.0,0.0
3315,935.75,0.0
3316,33760.0,0.0
3317,1734.25,0.0
3318,7357.5,0.0
3319,1337.5,0.0
3320,0.0,0.0
3321,1620.0,5057.5
3322,3495.0,3495.0
3323,6912.5,5362.5
3324,15593.75,0.0
3325,17521.25,7210.25
3326,185.0,0.0
3327,3126.0,0.0
3328,2800.0,0.0
3329,4390.0,0.0
3330,15992.5,13747.25
3331,4401.3,0.0
3332,1880.0,0.0
3333,4210.0,0.0
3334,2603.75,0.0
3335,2820.75,0.0
3336,3800.0,0.0
3337,7003.5,7551.0
3338,2402.65,0.0
3339,4969.0,0.0
3340,2162.5,0.0
3341,10150.0,0.0
3342,3455.5,2721.5
3343,7632.5,0.0
3344,3143.75,0.0
3345,3888.75,0.0
3346,10874.0,0.0
3347,10122.5,1987.5
3348,1100.0,2926.25
3349,3727.5,0.0
3350,3575.0,0.0
3351,4780.0,505.0
3352,55641.25,0.0
3353,23411.0,0.0
3354,491.5,0.0
3355,11640.75,8306.25
3356,423.5,0.0
3357,1232.5,0.0
3358,17888.5,0.0
3359,8088.75,2820.0
3360,4948.75,0.0
3361,10662.4,0.0
3362,12245.0,0.0
3363,1100.0,2826.5
3364,6761.25,0.0
3365,9655.0,0.0
3366,8700.5,0.0
3367,2631.6,2627.5
3368,6240.0,0.0
3369,11212.0,0.0
3370,33686.87,0.0
3371,1987.5,0.0
3372,1467.5,0.0
3373,4257.85,0.0
3374,4756.25,0.0
3375,2168.75,0.0
3376,33331.25,0.0
3377,1250.0,0.0
3378,8123.75,0.0
3379,12434.0,0.0
3380,4727.5,0.0
3381,4245.0,2733.76
3382,1382.5,0.0
3383,1360.0,0.0
3384,15752.5,0.0
3385,4604.5,18089.5
3386,1507.5,0.0
3387,6238.75,-2616.5
3388,3105.0,0.0
3389,28514.0,0.0
3390,0.0,0.0
3391,0.0,0.0
3392,1302.5,0.0
3393,1260.0,0.0
3394,3650.0,0.0
3395,4105.0,0.0
3396,3802.5,0.0
3397,2640.0,0.0
3398,2747.5,0.0
3399,63047.3,0.0
3400,9323.5,0.0
3401,737.5,0.0
3402,20875.0,1100.0
3403,5095.0,0.0
3404,13307.5,0.0
3405,2062.5,0.0
3406,1357.5,0.0
3407,2071.25,0.0
3408,11622.5,4187.05
3409,7310.0,0.0
3410,6482.5,0.0
3411,2975.0,0.0
3412,1100.0,5397.5
3413,6365.0,0.0
3414,9272.5,1445.0
3415,8528.75,0.0
3416,23233.75,2141.25
3417,3817.5,0.0
3418,12517.5,7485.0
3419,9085.0,0.0
3420,750.0,0.0
3421,4433.75,6046.25
3422,9986.25,0.0
3423,32570.0,0.0
3424,18052.5,0.0
3425,9492.5,0.0
3426,9852.5,2402.5
3427,2621.25,0.0
3428,7118.75,0.0
3429,7773.75,0.0
3430,12454.15,0.0
3431,5190.0,0.0
3432,8422.5,0.0
3433,14948.75,0.0
3434,3480.0,0.0
3435,24702.5,0.0
3436,2715.0,0.0
3437,1131.25,0.0
3438,1806.25,0.0
3439,43669.38,0.0
3440,7418.75,0.0
3441,10301.75,0.0
3442,2135.0,3926.25
3443,13847.5,0.0
3444,4532.5,2905.0
3445,2627.5,0.0
3446,2643.75,0.0
3447,1321.25,0.0
3448,2995.0,0.0
3449,15722.5,0.0
3450,570.0,0.0
3451,5169.75,0.0
3452,6442.5,0.0
3453,3541.25,0.0
3454,1888.75,1051.25
3455,17304.5,9451.0
3456,2625.0,7758.75
3457,0.0,0.0
3458,7423.75,0.0
3459,8502.5,0.0
3460,450.0,0.0
3461,6740.0,0.0
3462,930.0,0.0
3463,52943.75,0.0
3464,6268.5,0.0
3465,1976.25,0.0
3466,8611.25,0.0
3467,139846.25,0.0
3468,2837.5,0.0
3469,7936.25,0.0
3470,1505.0,0.0
3471,5782.5,0.0
3472,0.0,0.0
3473,26778.0,0.0
3474,45586.97,0.0
3475,2662.5,0.0
3476,4460.0,0.0
3477,52216.88,0.0
3478,32524.0,0.0
3479,18282.5,0.0
3480,6690.0,-480.0
3481,8895.75,0.0
3482,1507.5,0.0
3483,11487.0,2728.75
3484,0.0,0.0
3485,13872.5,0.0
3486,2562.5,0.0
3487,2387.5,0.0
3488,3516.55,0.0
3489,2365.0,0.0
3490,8995.0,0.0
3491,5100.0,0.0
3492,5100.0,0.0
3493,4488.75,0.0
3494,2777.5,440.0
3495,3067.5,0.0
3496,6926.25,0.0
3497,11843.75,0.0
3498,3067.5,0.0
3499,1200.0,0.0
3500,3151.15,0.0
3501,720.0,0.0
3502,1880.0,0.0
3503,1987.5,0.0
3504,1400.0,0.0
3505,0.0,0.0
3506,2934.3,0.0
3507,3170.0,3637.0
3508,7231.25,0.0
3509,48982.38,0.0
3510,5940.0,0.0
3511,0.0,0.0
3512,1200.0,0.0
3513,3508.25,906.25
3514,1500.0,0.0
3515,1975.0,2250.0
3516,7278.75,3160.0
3517,1500.0,0.0
3518,4494.0,0.0
3519,14416.25,2245.0
3520,4299.5,0.0
3521,1866.25,0.0
3522,1500.0,0.0
3523,2175.0,0.0
3524,5537.5,0.0
3525,15598.75,0.0
3526,11350.0,0.0
3527,4435.0,9440.6
3528,0.0,0.0
3529,1060.0,0.0
3530,1200.0,0.0
3531,755.64,0.0
3532,5000.0,0.0
3533,1500.0,0.0
3534,31663.75,0.0
3535,1500.0,0.0
3536,5385.0,0.0
3537,1500.0,0.0
3538,812.5,0.0
3539,1400.0,0.0
3540,6574.5,0.0
3541,1525.0,0.0
3542,1500.0,0.0
3543,11705.0,0.0
3544,7602.5,0.0
3545,1797.5,0.0
3546,18050.0,0.0
3547,29038.75,0.0
3548,0.0,0.0
3549,6916.25,0.0
3550,20879.8,0.0
3551,4040.0,1972.0
3552,30579.75,0.0
3553,2567.5,0.0
3554,2020.0,0.0
3555,1200.0,0.0
3556,1510.0,0.0
3557,1757.5,0.0
3558,9036.25,0.0
3559,6635.0,0.0
3560,1500.0,0.0
3561,4811.25,0.0
3562,8756.25,0.0
3563,10746.5,0.0
3564,6292.5,0.0
3565,5370.0,1466.0
3566,1200.0,0.0
3567,1357.5,0.0
3568,2500.0,0.0
3569,300.0,0.0
3570,10500.0,0.0
3571,1922.5,0.0
3572,200.0,0.0
3573,562.5,0.0
3574,600.0,0.0
3575,0.0,0.0
3576,13295.0,0.0
3577,0.0,0.0
3578,0.0,0.0
3579,2330.0,0.0
3580,4025.0,0.0
3581,6530.0,0.0
3582,3667.5,0.0
3583,992.5,0.0
3584,0.0,0.0
3585,19299.0,0.0
3586,7850.0,0.0
3587,2411.0,4806.0
3588,3540.0,0.0
3589,0.0,0.0
3590,0.0,0.0
3591,965.0,0.0
3592,4502.0,0.0
3593,1500.0,0.0
3594,0.0,0.0
3595,57866.25,0.0
3596,10204.44,0.0
3597,1449.0,0.0
3598,8832.5,0.0
3599,0.0,0.0
3600,17000.0,0.0
3601,59588.75,0.0
3602,10407.5,0.0
3603,3075.0,0.0
3604,20950.75,0.0
3605,0.0,0.0
3606,7182.0,0.0
3607,3309.55,0.0
3608,57472.5,0.0
3609,0.0,0.0
3610,0.0,0.0
3611,0.0,0.0
3612,0.0,0.0
3613,0.0,0.0
3614,0.0,0.0
3615,0.0,0.0
3616,0.0,0.0
3617,0.0,0.0
3618,0.0,0.0
3619,0.0,0.0
3620,0.0,0.0
3621,0.0,0.0
