 ID,Job,Type,Reference,Date (YYY-MM-DD),Decription,Value (£)
1,1201,Fee,,,,4335
2,1202,Fee,,,,0
3,1203,Fee,,,,2900
4,1204,Fee,,,,300
5,1205,Fee,,,,0
6,1206,Fee,,,,0
7,1207,Fee,,,,0
8,1208,Fee,,,,0
9,1209,Fee,,,,0
10,1210,Fee,,,,0
11,1211,Fee,,,,0
12,1212,Fee,,,,0
13,1213,Fee,,,,0
14,1214,Fee,,,,0
15,1215,Fee,,,,0
16,1216,Fee,,,,0
17,1217,Fee,,,,0
18,1218,Fee,,,,0
19,1219,Fee,,,,0
20,1220,Fee,,,,0
21,1221,Fee,,,,0
22,1222,Fee,,,,0
23,1223,Fee,,,,0
24,1224,Fee,,,,0
25,1225,Fee,,,,0
26,1226,Fee,,,,0
27,1227,Fee,,,,0
28,1228,Fee,,,,0
29,1229,Fee,,,,0
30,1230,Fee,,,,0
31,1231,Fee,,,,0
32,1232,Fee,,,,0
33,1233,Fee,,,,365
34,1234,Fee,,,,0
35,1235,Fee,,,,0
36,1236,Fee,,,,0
37,1237,Fee,,,,285
38,1238,Fee,,,,0
39,1239,Fee,,,,0
40,1240,Fee,,,,0
41,1241,Fee,,,,0
42,1242,Fee,,,,0
43,1243,Fee,,,,0
44,1244,Fee,,,,0
45,1245,Fee,,,,0
46,1246,Fee,,,,0
47,1247,Fee,,,,0
48,1248,Fee,,,,0
49,1249,Fee,,,,0
50,1250,Fee,,,,0
51,1251,Fee,,,,0
52,1252,Fee,,,,0
53,1253,Fee,,,,0
54,1254,Fee,,,,0
55,1255,Fee,,,,0
56,1256,Fee,,,,7739.75
57,1257,Fee,,,,0
58,1258,Fee,,,,0
59,1259,Fee,,,,0
60,1260,Fee,,,,0
61,1261,Fee,,,,0
62,1262,Fee,,,,0
63,1263,Fee,,,,220
64,1264,Fee,,,,0
65,1265,Fee,,,,0
66,1266,Fee,,,,0
67,1267,Fee,,,,0
68,1268,Fee,,,,0
69,1269,Fee,,,,0
70,1270,Fee,,,,0
71,1271,Fee,,,,0
72,1272,Fee,,,,15236.75
73,1273,Fee,,,,0
74,1274,Fee,,,,19929.58
75,1275,Fee,,,,0
76,1276,Fee,,,,0
77,1277,Fee,,,,0
78,1278,Fee,,,,0
79,1279,Fee,,,,0
80,1280,Fee,,,,0
81,1281,Fee,,,,0
82,1282,Fee,,,,0
83,1283,Fee,,,,0
84,1284,Fee,,,,0
85,1285,Fee,,,,2596
86,1286,Fee,,,,0
87,1287,Fee,,,,0
88,1288,Fee,,,,0
89,1289,Fee,,,,0
90,1290,Fee,,,,0
91,1291,Fee,,,,0
92,1292,Fee,,,,4861.5
93,1293,Fee,,,,734.25
94,1294,Fee,,,,0
95,1295,Fee,,,,0
96,1296,Fee,,,,0
97,1297,Fee,,,,9555.5
98,1298,Fee,,,,0
99,1299,Fee,,,,22587
100,1300,Fee,,,,16427.81
101,1301,Fee,,,,21263
102,1302,Fee,,,,1500
103,1303,Fee,,,,400
104,1304,Fee,,,,3858.75
105,1304,Variation,,,,180.5
106,1305,Fee,,,,0
107,1306,Fee,,,,0
108,1307,Fee,,,,0
109,1308,Fee,,,,3500
110,1309,Fee,,,,0
111,1310,Fee,,,,0
112,1311,Fee,,,,0
113,1312,Fee,,,,0
114,1313,Fee,,,,0
115,1314,Fee,,,,0
116,1315,Fee,,,,0
117,1316,Fee,,,,0
118,1317,Fee,,,,0
119,1318,Fee,,,,0
120,1319,Fee,,,,30490.5
121,1320,Fee,,,,2290
122,1320,Variation,,,,500
123,1321,Fee,,,,3730.75
124,1321,Variation,,,,1492
125,1322,Fee,,,,3058.5
126,1323,Fee,,,,1102.5
127,1324,Fee,,,,750
128,1325,Fee,,,,1001
129,1326,Fee,,,,2997.5
130,1326,Variation,,,,937.5
131,1327,Fee,,,,3627.5
132,1327,Variation,,,,725.5
133,1328,Fee,,,,43073.79
134,1329,Fee,,,,2043.75
135,1330,Fee,,,,740.75
136,1331,Fee,,,,2000
137,1332,Fee,,,,4522.5
138,1333,Fee,,,,400
139,1334,Fee,,,,9684
140,1334,Variation,,,,333.6
141,1335,Fee,,,,6719.45
142,1336,Fee,,,,9000
143,1337,Fee,,,,2290
144,1337,Variation,,,,5756.5
145,1338,Fee,,,,0
146,1339,Fee,,,,1700
147,1340,Fee,,,,1000
148,1341,Fee,,,,1747.25
149,1342,Fee,,,,1750
150,1342,Variation,,,,2854.75
151,1343,Fee,,,,2500
152,1344,Fee,,,,5000
153,1345,Fee,,,,63226.91
154,1346,Fee,,,,92472.12
155,1346,Variation,,,,36565.04
156,1347,Fee,,,,
157,1348,Fee,,,,8000
158,1349,Fee,,,,661.25
159,1349,Variation,,,,103.25
160,1352,Fee,,,,2975.5
161,1352,Variation,,,,982.5
162,1353,Fee,,,,6618.75
163,1354,Fee,,,,1164.5
164,1355,Fee,,,,617.5
165,1356,Fee,,,,893
166,1357,Fee,,,,117618.25
167,1357,Variation,,,,2593.67
168,1358,Fee,,,,900
169,1359,Fee,,,,652
170,1360,,,,,
171,1361,Fee,,,,18435.88
172,1362,Fee,,,,4712.75
173,1363,Fee,,,,5173.5
174,1364,Fee,,,,20292.4
175,1365,Fee,,,,2010.75
176,1366,Fee,,,,3487.5
177,1366,Variation,,,,832.5
178,1367,Fee,,,,25460.75
179,1367,Variation,,,,856.25
180,1368,Fee,,,,750
181,1369,Fee,,,,4156.25
182,1369,Variation,,,,677.5
183,1370,Fee,,,,0
184,1371,Fee,,,,765
185,1372,Fee,,,,6237.5
186,1372,Variation,,,,1810
187,1373,Fee,,,,195
188,1374,Fee,,,,458
189,1375,Fee,,,,1614.5
190,1376,Fee,,,,2500
191,1376,Variation,,,,250
192,1377,Fee,,,,0
193,1378,Fee,,,,577.5
194,1379,Fee,,,,802.5
195,1380,Fee,,,,3471.25
196,1380,Variation,,,,857
197,1381,Fee,,,,0
198,1382,Fee,,,,648.75
199,1383,Fee,,,,802.5
200,1384,Fee,,,,4408.25
201,1385,Fee,,,,1812
202,1386,Fee,,,,2200
203,1387,Fee,,,,1747.55
204,1388,Fee,,,,38931.25
205,1388,Variation,,,,25098.75
206,1389,Fee,,,,2250
207,1390,Fee,,,,13000
208,1391,Fee,,,,5094.75
209,1391,Variation,,,,1754.25
210,1392,Fee,,,,892.5
211,1393,Fee,,,,4575
212,1394,Fee,,,,1689.75
213,1395,Fee,,,,3253.5
214,1396,Fee,,,,415.5
215,1397,Fee,,,,2447.75
216,1398,Fee,,,,14339.5
217,1398,Variation,,,,8073
218,1399,Fee,,,,1025
219,1400,Fee,,,,891
220,1401,Fee,,,,4232.5
221,1402,Fee,,,,5603.25
222,1403,Fee,,,,5067.24
223,1404,Fee,,,,4054
224,1405,Fee,,,,1067
225,1406,Fee,,,,1500
226,1407,Fee,,,,1873.75
227,1408,Fee,,,,0
228,1409,Fee,,,,12510
229,1410,Fee,,,,0
230,1411,Fee,,,,8207.25
231,1411,Variation,,,,11778.31
232,1412,Fee,,,,12853.75
233,1413,Fee,,,,21592.88
234,1414,Fee,,,,4998.75
235,1415,Fee,,,,3750.5
236,1416,Fee,,,,1250
237,1417,Fee,,,,0
238,1418,Fee,,,,4054
239,1419,Fee,,,,2000
240,1419,Variation,,,,819
241,1420,Fee,,,,450
242,1421,Fee,,,,3567.25
243,1422,Fee,,,,1750
244,1423,Fee,,,,0
245,1424,Fee,,,,4372.75
246,1424,Variation,,,,325
247,1425,Fee,,,,2396
248,1426,Fee,,,,3051.25
249,1427,Fee,,,,850
250,1428,Fee,,,,1997
251,1429,Fee,,,,3055.5
252,1430,Fee,,,,3192
253,1431,Fee,,,,963.75
254,1432,Fee,,,,2553.5
255,1433,Fee,,,,8341
256,1434,Fee,,,,2427.25
257,1435,Fee,,,,765.5
258,1436,Fee,,,,721.5
259,1436,Variation,,,,125.5
260,1437,Fee,,,,1250.5
261,1438,Fee,,,,780
262,1439,Fee,,,,600
263,1440,Fee,,,,1224.25
264,1441,Fee,,,,412
265,1442,Fee,,,,600
266,1443,Fee,,,,44149.26
267,1444,Fee,,,,27562.5
268,1445,Fee,,,,10346
269,1446,Fee,,,,3083.5
270,1446,Variation,,,,450
271,1447,Fee,,,,3982.5
272,1448,Fee,,,,27951
273,1448,Variation,,,,1350
274,1449,Fee,,,,455
275,1450,Fee,,,,780
276,1450,Variation,,,,187
277,1451,Fee,,,,7389
278,1452,Fee,,,,6875
279,1453,Fee,,,,804
280,1454,Fee,,,,1499
281,1455,Fee,,,,1235
282,1456,Fee,,,,11065.5
283,1456,Variation,,,,2111.5
284,1457,Fee,,,,3041
285,1458,Fee,,,,8362.5
286,1459,Fee,,,,6065.5
287,1460,Fee,,,,1324
288,1461,Fee,,,,4625
289,1461,Variation,,,,1800
290,1462,Fee,,,,2664.5
291,1463,Fee,,,,2436
292,1464,Fee,,,,1909
293,1465,Fee,,,,400
294,1466,Fee,,,,1902.5
295,1467,Fee,,,,1836.25
296,1468,Fee,,,,2714.5
297,1469,Fee,,,,1941
298,1470,Fee,,,,12412.25
299,1471,Fee,,,,700
300,1472,Fee,,,,7012.77
301,1473,Fee,,,,8191.7
302,1473,Variation,,,,1966.6999999999998
303,1474,Fee,,,,2076.5
304,1474,Variation,,,,150
305,1475,Fee,,,,600
306,1476,Fee,,,,272
307,1477,Fee,,,,183391.25
308,1477,Variation,,,,22054.42
309,1478,Fee,,,,1981.75
310,1479,Fee,,,,1068.75
311,1480,Fee,,,,12064
312,1480,Variation,,,,12682.76
313,1481,Fee,,,,9444
314,1481,Variation,,,,22367.01
315,1482,Fee,,,,6138
316,1482,Variation,,,,1649.17
317,1483,Fee,,,,8775.5
318,1483,Variation,,,,32348.75
319,1484,Fee,,,,8664
320,1484,Variation,,,,13720.1
321,1485,Fee,,,,7077.25
322,1485,Variation,,,,18442.33
323,1486,Fee,,,,8035.51
324,1486,Variation,,,,15293.75
325,1487,Fee,,,,8334
326,1487,Variation,,,,13433.5
327,1488,Fee,,,,1454.75
328,1489,Fee,,,,968.5
329,1490,Fee,,,,605
330,1491,Fee,,,,475
331,1492,Fee,,,,0
332,1493,Fee,,,,982.5
333,1494,Fee,,,,35468.57
334,1495,Fee,,,,7535.75
335,1495,Variation,,,,3414
336,1496,Fee,,,,13811.75
337,1497,Fee,,,,15823.25
338,1498,Fee,,,,19366
339,1498,Variation,,,,1246
340,1499,Fee,,,,700
341,1500,Fee,,,,1350.5
342,1501,Fee,,,,11316.88
343,1502,Fee,,,,500
344,1503,Fee,,,,1886
345,1504,Fee,,,,1750
346,1505,Fee,,,,0
347,1506,Fee,,,,7297.25
348,1507,Fee,,,,5175.25
349,1508,Fee,,,,1345
350,1509,Fee,,,,2640.25
351,1510,Fee,,,,58611
352,1510,Variation,,,,23600
353,1511,Fee,,,,7693.25
354,1511,Variation,,,,2739
355,1512,Fee,,,,2691.5
356,1513,Fee,,,,2700.25
357,1514,Fee,,,,263.25
358,1515,Fee,,,,661.5
359,1516,Fee,,,,974
360,1516,Variation,,,,390
361,1517,Fee,,,,4835.25
362,1517,Variation,,,,959
363,1518,Fee,,,,1223
364,1519,Fee,,,,11075.75
365,1519,Variation,,,,5154.75
366,1520,Fee,,,,650
367,1521,Fee,,,,1744.5
368,1522,Fee,,,,650
369,1523,Fee,,,,780
370,1524,Fee,,,,3324
371,1525,Fee,,,,2095
372,1525,Variation,,,,1300
373,1526,Fee,,,,964
374,1527,Fee,,,,945
375,1528,Fee,,,,1060.25
376,1529,Fee,,,,637
377,1530,Fee,,,,2500
378,1531,Fee,,,,1480.75
379,1532,Fee,,,,2832
380,1533,Fee,,,,750
381,1534,Fee,,,,2428
382,1535,Fee,,,,900
383,1536,Fee,,,,2200
384,1536,Variation,,,,2000
385,1537,Fee,,,,2768.25
386,1537,Variation,,,,1528.18
387,1538,Fee,,,,700
388,1539,Fee,,,,42032
389,1539,Variation,,,,5607
390,1540,Fee,,,,0
391,1541,Fee,,,,0
392,1542,Fee,,,,0
393,1543,Fee,,,,0
394,1544,Fee,,,,0
395,1545,Fee,,,,0
396,1546,Fee,,,,0
397,1547,Fee,,,,3463.5
398,1548,Fee,,,,750
399,1548,Variation,,,,300
400,1549,Fee,,,,670.5
401,1550,Fee,,,,2813.25
402,1551,Fee,,,,1875
403,1552,Fee,,,,633
404,1553,Fee,,,,528260.75
405,1553,Variation,,,,61490.31
406,1554,Fee,,,,3432.25
407,1554,Variation,,,,1785.5
408,1555,Fee,,,,1473
409,1556,Fee,,,,1516
410,1556,Variation,,,,-1516
411,1557,Fee,,,,1516
412,1557,Variation,,,,-1516
413,1558,Fee,,,,4336
414,1559,Fee,,,,3382.75
415,1559,Variation,,,,203
416,1560,Fee,,,,3348.13
417,1560,Variation,,,,1443
418,1561,Fee,,,,1516
419,1561,Variation,,,,-1516
420,1562,Fee,,,,17611
421,1563,Fee,,,,17064
422,1564,Fee,,,,17324
423,1565,Fee,,,,16974
424,1565,Variation,,,,6226.5
425,1566,Fee,,,,4304.75
426,1566,Variation,,,,8435
427,1567,Fee,,,,3735.75
428,1568,Fee,,,,16016.5
429,1568,Variation,,,,1694
430,1569,Fee,,,,5321.75
431,1570,Fee,,,,500
432,1571,Fee,,,,242.5
433,1571,Variation,,,,-242.5
434,1572,Fee,,,,4656.63
435,1572,Variation,,,,-4656.63
436,1573,Fee,,,,1240
437,1573,Variation,,,,2877.25
438,1574,Fee,,,,1350
439,1574,Variation,,,,350
440,1575,Fee,,,,375
441,1576,Fee,,,,2833
442,1576,Variation,,,,730.5
443,1577,Fee,,,,0
444,1578,Fee,,,,2725.5
445,1578,Variation,,,,750.5
446,1579,Fee,,,,700
447,1580,Fee,,,,850
448,1581,Fee,,,,532.5
449,1582,Fee,,,,2365.75
450,1582,Variation,,,,916.25
451,1583,Fee,,,,1250
452,1584,Fee,,,,844.75
453,1585,Fee,,,,750.5
454,1586,Fee,,,,4016
455,1587,Fee,,,,650
456,1588,Fee,,,,260
457,1589,Fee,,,,700
458,1589,Variation,,,,355
459,1590,Fee,,,,2463
460,1591,Fee,,,,950
461,1592,Fee,,,,2250
462,1592,Variation,,,,825
463,1593,Fee,,,,2300
464,1594,Fee,,,,2176
465,1595,Fee,,,,600
466,1596,Fee,,,,4656.63
467,1596,Variation,,,,-1797.25
468,1597,Fee,,,,3790.5
469,1597,Variation,,,,-525.75
470,1598,Fee,,,,3783.5
471,1598,Variation,,,,-491.5
472,1599,Fee,,,,159.5
473,1600,Fee,,,,3038.5
474,1600,Variation,,,,5041
475,1601,Fee,,,,880.5
476,1602,Fee,,,,882
477,1603,Fee,,,,750
478,1604,Fee,,,,500
479,1605,Fee,,,,3274.5
480,1605,Variation,,,,249.5
481,1606,Fee,,,,1050
482,1607,Fee,,,,11600
483,1608,Fee,,,,7474.5
484,1608,Variation,,,,196
485,1609,Fee,,,,6724
486,1609,Variation,,,,13426.25
487,1610,Fee,,,,900
488,1610,Variation,,,,-900
489,1611,Fee,,,,9279.75
490,1611,Variation,,,,2007.5
491,1612,Fee,,,,17324
492,1613,Fee,,,,17064
493,1614,Fee,,,,17064
494,1615,Fee,,,,1018.75
495,1616,Fee,,,,6900.5
496,1617,Fee,,,,1975
497,1617,Variation,,,,5081.75
498,1618,Fee,,,,1246.5
499,1619,Fee,,,,331
500,1620,Fee,,,,275
501,1621,Fee,,,,1284
502,1622,Fee,,,,2673.25
503,1622,Variation,,,,2983.5
504,1623,Fee,,,,14989.75
505,1623,Variation,,,,5346
506,1624,Fee,,,,11862
507,1625,Fee,,,,344.25
508,1625,Variation,,,,390.5
509,1626,Fee,,,,4245.75
510,1626,Variation,,,,-4245.75
511,1627,Fee,,,,3100
512,1627,Variation,,,,1100
513,1628,Fee,,,,215
514,1629,Fee,,,,0
515,1630,Fee,,,,500
516,1631,Fee,,,,948.25
517,1632,Fee,,,,1498
518,1632,Variation,,,,2924.05
519,1633,Fee,,,,1400
520,1634,Fee,,,,873.75
521,1635,Fee,,,,2556.5
522,1636,Fee,,,,2236.25
523,1636,Variation,,,,3363
524,1637,Fee,,,,900
525,1638,Fee,,,,1250
526,1639,Fee,,,,1250
527,1640,Fee,,,,0
528,1641,Fee,,,,0
529,1642,Fee,,,,0
530,1643,Fee,,,,974
531,1644,Fee,,,,1151
532,1644,Variation,,,,3734
533,1645,Fee,,,,844
534,1645,Variation,,,,2772.13
535,1646,Fee,,,,0
536,1647,Fee,,,,1775.5
537,1648,Fee,,,,21222.5
538,1649,Fee,,,,53736.25
539,1649,Variation,,,,2764.25
540,1650,Fee,,,,340
541,1651,Fee,,,,759
542,1652,Fee,,,,500
543,1653,Fee,,,,2219.5
544,1654,Fee,,,,1174.5
545,1655,Fee,,,,2101
546,1655,Variation,,,,-2101
547,1656,Fee,,,,965
548,1657,Fee,,,,2365.5
549,1658,Fee,,,,2365.5
550,1659,Fee,,,,1850.5
551,1660,Fee,,,,1850.5
552,1661,Fee,,,,3889.13
553,1661,Variation,,,,1224.87
554,1662,Fee,,,,11030
555,1662,Variation,,,,-3183.75
556,1663,Fee,,,,3935
557,1664,Fee,,,,598
558,1665,Fee,,,,12892
559,1665,Variation,,,,518
560,1666,Fee,,,,15038.5
561,1666,Variation,,,,762.5
562,1667,Fee,,,,13362
563,1667,Variation,,,,1712
564,1668,Fee,,,,12782.5
565,1669,Fee,,,,985
566,1670,Fee,,,,2270
567,1670,Variation,,,,-1880
568,1671,Fee,,,,750
569,1671,Variation,,,,-600
570,1672,Fee,,,,0
571,1673,Fee,,,,4943.5
572,1673,Variation,,,,825
573,1674,Fee,,,,2341
574,1675,Fee,,,,2219.5
575,1676,Fee,,,,776.5
576,1677,Fee,,,,1818
577,1678,Fee,,,,3000
578,1679,Fee,,,,3224
579,1679,Variation,,,,1713
580,1680,Fee,,,,1105
581,1681,Fee,,,,1697
582,1682,Fee,,,,1781.5
583,1683,Fee,,,,7510
584,1684,Fee,,,,10040
585,1684,Variation,,,,6842
586,1685,Fee,,,,125000
587,1685,Variation,,,,35998.5
588,1686,Fee,,,,3193.5
589,1686,Variation,,,,4500
590,1687,Fee,,,,1154
591,1687,Variation,,,,-1154
592,1688,Fee,,,,373
593,1689,Fee,,,,730
594,1690,Fee,,,,11708.39
595,1691,Fee,,,,7951.58
596,1692,Fee,,,,10736.93
597,1692,Variation,,,,8334.24
598,1693,Fee,,,,577.5
599,1694,Fee,,,,103857
600,1695,Fee,,,,3039
601,1696,Fee,,,,1553
602,1697,Fee,,,,900
603,1697,Variation,,,,300
604,1698,Fee,,,,640
605,1699,Fee,,,,7041.23
606,1699,Variation,,,,7787.82
607,1700,Fee,,,,23369.73
608,1700,Variation,,,,59094.06
609,1701,Fee,,,,0
610,1702,Fee,,,,3041.5
611,1702,Variation,,,,675
612,1703,Fee,,,,1893.5
613,1704,Fee,,,,4575.25
614,1704,Variation,,,,-429
615,1705,Fee,,,,9782
616,1705,Variation,,,,-8720
617,1706,Fee,,,,750
618,1707,Fee,,,,1900
619,1708,Fee,,,,1435
620,1709,Fee,,,,7817
621,1710,Fee,,,,2289
622,1711,Fee,,,,3483.5
623,1711,Variation,,,,257.5
624,1712,Fee,,,,588.75
625,1712,Variation,,,,500
626,1713,Fee,,,,450
627,1714,Fee,,,,10599
628,1715,Fee,,,,3200
629,1715,Variation,,,,8420.5
630,1716,Fee,,,,1413.75
631,1717,Fee,,,,957
632,1718,Fee,,,,2120
633,1719,Fee,,,,3845
634,1719,Variation,,,,490.33
635,1720,Fee,,,,755
636,1721,Fee,,,,817
637,1721,Variation,,,,234
638,1722,Fee,,,,920
639,1722,Variation,,,,400
640,1723,Fee,,,,1542.5
641,1724,Fee,,,,3193.5
642,1724,Variation,,,,-3193.5
643,1725,Fee,,,,2152
644,1726,Fee,,,,12193.5
645,1726,Variation,,,,8808.5
646,1727,Fee,,,,3000
647,1728,Fee,,,,7417
648,1728,Variation,,,,525
649,1729,Fee,,,,12595
650,1729,Variation,,,,3702
651,1730,Fee,,,,1500
652,1731,Fee,,,,17762.16
653,1732,Fee,,,,19403.88
654,1733,Fee,,,,4953
655,1733,Variation,,,,1095
656,1734,Fee,,,,800
657,1734,Variation,,,,858
658,1735,Fee,,,,750
659,1736,Fee,,,,24050
660,1736,Variation,,,,3715
661,1737,Fee,,,,926
662,1738,Fee,,,,1615
663,1739,Fee,,,,4827
664,1740,Fee,,,,750
665,1740,Variation,,,,4345
666,1741,Fee,,,,3000
667,1742,Fee,,,,750
668,1743,Fee,,,,3000
669,1744,Fee,,,,2513
670,1745,Fee,,,,8230
671,1745,Variation,,,,8447
672,1746,Fee,,,,12677
673,1746,Variation,,,,1296.25
674,1747,Fee,,,,956
675,1747,Variation,,,,2640
676,1748,Fee,,,,1564
677,1749,Fee,,,,9218
678,1749,Variation,,,,1388
679,1750,Fee,,,,630
680,1751,Fee,,,,4527
681,1751,Variation,,,,-914.5
682,1752,Fee,,,,750
683,1753,Fee,,,,1400
684,1754,Fee,,,,12450
685,1754,Variation,,,,-4224.5
686,1755,Fee,,,,750
687,1756,Fee,,,,4500
688,1757,Fee,,,,754
689,1758,Fee,,,,1360.75
690,1758,Variation,,,,1228
691,1759,Fee,,,,500
692,1760,Fee,,,,750
693,1761,Fee,,,,350
694,1762,Fee,,,,2708.5
695,1763,Fee,,,,976.5
696,1764,Fee,,,,5150
697,1765,Fee,,,,2750
698,1766,Fee,,,,1464
699,1767,Fee,,,,2739.5
700,1768,Fee,,,,1000
701,1768,Variation,,,,630
702,1769,Fee,,,,8210
703,1770,Fee,,,,14320
704,1771,Fee,,,,13849.5
705,1772,Fee,,,,9976.5
706,1773,Fee,,,,750
707,1773,Variation,,,,975
708,1774,Fee,,,,2042
709,1775,Fee,,,,2042
710,1776,Fee,,,,2569.5
711,1777,Fee,,,,600
712,1778,Fee,,,,750
713,1779,Fee,,,,2834
714,1780,Fee,,,,0
715,1781,Fee,,,,500
716,1781,Variation,,,,219
717,1782,Fee,,,,722.5
718,1782,Variation,,,,-72.25
719,1783,Fee,,,,18000
720,1783,Variation,,,,2500
721,1784,Fee,,,,2505.5
722,1785,Fee,,,,4165.5
723,1786,Fee,,,,500
724,1787,Fee,,,,5816.5
725,1787,Variation,,,,1119
726,1788,Fee,,,,240
727,1789,Fee,,,,750
728,1790,Fee,,,,5263.5
729,1791,Fee,,,,600
730,1792,Fee,,,,12164
731,1793,Fee,,,,11273
732,1793,Variation,,,,630
733,1794,Fee,,,,15617.5
734,1794,Variation,,,,1008
735,1795,Fee,,,,12867.5
736,1795,Variation,,,,5000.05
737,1796,Fee,,,,9314.5
738,1797,Fee,,,,600
739,1798,Fee,,,,2042
740,1799,Fee,,,,21145.74
741,1799,Variation,,,,2374.25
742,1800,Fee,,,,12300.4
743,1800,Variation,,,,1051.23
744,1801,Fee,,,,12300.4
745,1801,Variation,,,,1501
746,1802,Fee,,,,1170
747,1803,Fee,,,,552.5
748,1804,Fee,,,,717.5
749,1805,Fee,,,,850.5
750,1806,Fee,,,,31497
751,1807,Fee,,,,12804.5
752,1808,Fee,,,,25467.26
753,1808,Variation,,,,1500
754,1809,Fee,,,,1988
755,1810,Fee,,,,11668.5
756,1810,Variation,,,,1188.75
757,1811,Fee,,,,26488.5
758,1811,Variation,,,,4448.5
759,1812,Fee,,,,17235
760,1812,Variation,,,,6031
761,1813,Fee,,,,5839.5
762,1814,Fee,,,,10019
763,1814,Variation,,,,11719
764,1815,Fee,,,,6859
765,1815,Variation,,,,8280
766,1816,Fee,,,,29553.5
767,1817,Fee,,,,3325.5
768,1818,Fee,,,,5250
769,1818,Variation,,,,2777
770,1819,Fee,,,,1500
771,1820,Fee,,,,1518
772,1821,Fee,,,,1903
773,1822,Fee,,,,744.5
774,1823,Fee,,,,10860
775,1823,Variation,,,,-1629
776,1824,Fee,,,,2499.5
777,1825,Fee,,,,1970
778,1825,Variation,,,,300
779,1826,Fee,,,,954
780,1827,Fee,,,,8910
781,1828,Fee,,,,1706
782,1829,Fee,,,,8500
783,1830,Fee,,,,750
784,1831,Fee,,,,2036.25
785,1832,Fee,,,,2506.5
786,1832,Variation,,,,377.5
787,1833,Fee,,,,2491.5
788,1833,Variation,,,,377.5
789,1834,Fee,,,,3623.75
790,1834,Variation,,,,762
791,1835,Fee,,,,2481.5
792,1835,Variation,,,,377.5
793,1836,Fee,,,,15258.75
794,1837,Fee,,,,4829.25
795,1837,Variation,,,,4435.25
796,1838,Fee,,,,3373.25
797,1839,Fee,,,,13264.89
798,1840,Fee,,,,0
799,1841,Fee,,,,8153
800,1842,Fee,,,,5617
801,1843,Fee,,,,20000
802,1843,Variation,,,,12873.88
803,1844,Fee,,,,6540.75
804,1844,Variation,,,,-0.25
805,1845,Fee,,,,250
806,1846,Fee,,,,2176.25
807,1846,Variation,,,,640.5
808,1847,Fee,,,,2882.5
809,1848,Fee,,,,3102.5
810,1848,Variation,,,,4510.75
811,1849,Fee,,,,4790.5
812,1849,Variation,,,,1110
813,1850,Fee,,,,687.5
814,1851,Fee,,,,34480
815,1852,Fee,,,,350
816,1853,Fee,,,,48454.5
817,1854,Fee,,,,1897.75
818,1855,Fee,,,,775
819,1856,Fee,,,,2477.5
820,1857,Fee,,,,2877
821,1857,Variation,,,,722.5
822,1858,Fee,,,,1508
823,1858,Variation,,,,3222
824,1859,Fee,,,,5143
825,1859,Variation,,,,1709
826,1860,Fee,,,,3038.5
827,1861,Fee,,,,1556.25
828,1862,Fee,,,,11209.25
829,1863,Fee,,,,3950
830,1864,Fee,,,,1000
831,1865,Fee,,,,10231.5
832,1866,Fee,,,,960.5
833,1867,Fee,,,,5191.25
834,1867,Variation,,,,-1200
835,1868,Fee,,,,5627.05
836,1869,Fee,,,,15629.5
837,1870,Fee,,,,2538.5
838,1870,Variation,,,,2773.5
839,1871,Fee,,,,650
840,1872,Fee,,,,4605.3
841,1873,Fee,,,,2010
842,1874,Fee,,,,3880.45
843,1875,Fee,,,,840
844,1876,Fee,,,,1360.75
845,1877,Fee,,,,900
846,1878,Fee,,,,3085.95
847,1879,Fee,,,,18972.5
848,1880,Fee,,,,645
849,1881,Fee,,,,1475
850,1881,Variation,,,,8500
851,1882,Fee,,,,239.5
852,1882,Variation,,,,-239.5
853,1883,Fee,,,,11380.75
854,1884,Fee,,,,431.25
855,1885,Fee,,,,7367.75
856,1885,Variation,,,,-1720
857,1886,Fee,,,,1701.5
858,1887,Fee,,,,1000
859,1887,Variation,,,,600
860,1888,Fee,,,,47374.5
861,1889,Fee,,,,11553.44
862,1890,Fee,,,,1287.25
863,1891,Fee,,,,840
864,1891,Variation,,,,2105
865,1892,Fee,,,,1846
866,1892,Variation,,,,8073.63
867,1893,Fee,,,,5144.5
868,1894,Fee,,,,20191.5
869,1894,Variation,,,,1388.5
870,1895,Fee,,,,16838.5
871,1895,Variation,,,,1480.24
872,1896,Fee,,,,19928.5
873,1897,Fee,,,,4423.25
874,1898,Fee,,,,2009
875,1899,Fee,,,,0
876,1900,Fee,,,,7309.63
877,1900,Variation,,,,1568.92
878,1901,Fee,,,,0
879,1902,Fee,,,,1488.25
880,1903,Fee,,,,825
881,1903,Variation,,,,707.5
882,1904,Fee,,,,1360.75
883,1905,Fee,,,,6500
884,1905,Variation,,,,8800
885,1906,Fee,,,,850
886,1907,Fee,,,,5411.55
887,1908,Fee,,,,2792
888,1909,Fee,,,,8177
889,1909,Variation,,,,8407
890,1910,Fee,,,,5680
891,1910,Variation,,,,17305.45
892,1911,Fee,,,,10165.25
893,1912,Fee,,,,0
894,1913,Fee,,,,2686.25
895,1914,Fee,,,,1815
896,1915,Fee,,,,6956.45
897,1916,Fee,,,,8050.95
898,1917,Fee,,,,5730.75
899,1917,Variation,,,,-2154.25
900,1918,Fee,,,,5810.75
901,1919,Fee,,,,5698.7
902,1919,Variation,,,,1703
903,1920,Fee,,,,6651.7
904,1921,Fee,,,,3640.5
905,1922,Fee,,,,3805.25
906,1923,Fee,,,,43298.5
907,1924,Fee,,,,8613.75
908,1925,Fee,,,,2815
909,1925,Variation,,,,2301.25
910,1926,Fee,,,,26500
911,1927,Fee,,,,22750
912,1928,Fee,,,,30100
913,1929,Fee,,,,21100
914,1930,Fee,,,,32000
915,1931,Fee,,,,10957
916,1932,Fee,,,,11380.75
917,1933,Fee,,,,24812.5
918,1934,Fee,,,,8456.5
919,1935,Fee,,,,3947.25
920,1936,Fee,,,,3700.5
921,1936,Variation,,,,1658.5
922,1937,Fee,,,,7204.25
923,1938,Fee,,,,13194.16
924,1939,Fee,,,,4885.5
925,1940,Fee,,,,500
926,1941,Fee,,,,830.5
927,1942,Fee,,,,543
928,1943,Fee,,,,2445
929,1944,Fee,,,,1487.5
930,1945,Fee,,,,828.5
931,1946,Fee,,,,11500
932,1946,Variation,,,,5795.5
933,1947,Fee,,,,5600.48
934,1948,Fee,,,,9950.5
935,1948,Variation,,,,-2000
936,1949,Fee,,,,12328.25
937,1949,Variation,,,,-1998.82
938,1950,Fee,,,,10243.25
939,1951,Fee,,,,5590.36
940,1952,Fee,,,,5590.35
941,1953,Fee,,,,6119.01
942,1954,Fee,,,,12157.25
943,1954,Variation,,,,0.01
944,1955,Fee,,,,0
945,1956,Fee,,,,0
946,1957,Fee,,,,14772.62
947,1958,Fee,,,,10455.63
948,1959,Fee,,,,14130.96
949,1960,Fee,,,,11219.02
950,1961,Fee,,,,7982.37
951,1962,Fee,,,,9379.9
952,1963,Fee,,,,15392.93
953,1964,Fee,,,,12201.87
954,1964,Variation,,,,15343.88
955,1965,Fee,,,,14055.54
956,1966,Fee,,,,11415.45
957,1967,Fee,,,,16493.88
958,1968,Fee,,,,26675
959,1969,Fee,,,,3031.5
960,1970,Fee,,,,3050
961,1971,Fee,,,,1527
962,1972,Fee,,,,4893.5
963,1973,Fee,,,,1403.2
964,1973,Variation,,,,-172.2
965,1974,Fee,,,,8026.99
966,1975,Fee,,,,1319.5
967,1975,Variation,,,,-1319.5
968,1976,Fee,,,,6207
969,1977,Fee,,,,1224
970,1978,Fee,,,,2405.75
971,1979,Fee,,,,1715.75
972,1979,Variation,,,,770
973,1980,Fee,,,,2532
974,1980,Variation,,,,3685.75
975,1981,Fee,,,,2078
976,1981,Variation,,,,3425
977,1982,Fee,,,,9250
978,1982,Variation,,,,47800.51
979,1983,Fee,,,,25917
980,1984,Fee,,,,666.75
981,1985,Fee,,,,0
982,1986,Fee,,,,4019.25
983,1987,Fee,,,,48058.5
984,1987,Variation,,,,-4658
985,1988,Fee,,,,1542.5
986,1989,Fee,,,,363
987,1990,Fee,,,,445
988,1991,Fee,,,,2900
989,1992,Fee,,,,14747.25
990,1993,Fee,,,,2300
991,1993,Variation,,,,746.25
992,1994,Fee,,,,1250
993,1994,Variation,,,,4931.75
994,1995,Fee,,,,0
995,1996,Fee,,,,16454.5
996,1996,Variation,,,,5174.25
997,1997,Fee,,,,11110.25
998,1998,Fee,,,,1900
999,1999,Fee,,,,3471.5
1000,2000,Fee,,,,1769
1001,2001,Fee,,,,2515
1002,2001,Variation,,,,-1257.5
1003,2002,Fee,,,,0
1004,2003,Fee,,,,985
1005,2004,Fee,,,,750
1006,2005,Fee,,,,750
1007,2006,Fee,,,,800
1008,2007,Fee,,,,800
1009,2008,Fee,,,,5585.63
1010,2009,Fee,,,,4832.13
1011,2009,Variation,,,,2461.25
1012,2010,Fee,,,,5675.38
1013,2010,Variation,,,,743.5
1014,2011,Fee,,,,14950
1015,2011,Variation,,,,5962
1016,2012,Fee,,,,2150.55
1017,2013,Fee,,,,2096.5
1018,2014,Fee,,,,548.5
1019,2015,Fee,,,,1200
1020,2016,Fee,,,,3574.5
1021,2017,Fee,,,,0
1022,2018,Fee,,,,1523
1023,2019,Fee,,,,1468
1024,2020,Fee,,,,500
1025,2021,Fee,,,,9497.5
1026,2021,Variation,,,,-1668.5
1027,2022,Fee,,,,6485.5
1028,2023,Fee,,,,0
1029,2024,Fee,,,,1587.5
1030,2025,Fee,,,,1483
1031,2026,Fee,,,,12146
1032,2026,Variation,,,,-7457.5
1033,2027,Fee,,,,553.75
1034,2027,Variation,,,,6041.75
1035,2028,Fee,,,,2849
1036,2028,Variation,,,,2997.5
1037,2029,Fee,,,,2078
1038,2030,Fee,,,,2889
1039,2030,Variation,,,,3453.75
1040,2031,Fee,,,,2058
1041,2032,Fee,,,,2053
1042,2033,Fee,,,,1150
1043,2033,Variation,,,,2546
1044,2034,Fee,,,,1032.5
1045,2035,Fee,,,,20250
1046,2035,Variation,,,,-450
1047,2036,Fee,,,,1888.5
1048,2037,Fee,,,,5905
1049,2038,Fee,,,,3379.25
1050,2039,Fee,,,,1309.5
1051,2040,Fee,,,,15442.25
1052,2040,Variation,,,,8211
1053,2041,Fee,,,,8285.75
1054,2042,Fee,,,,2660
1055,2042,Variation,,,,575.25
1056,2043,Fee,,,,800
1057,2044,Fee,,,,1575.5
1058,2045,Fee,,,,3055
1059,2046,Fee,,,,743
1060,2047,Fee,,,,4601
1061,2047,Variation,,,,-195
1062,2048,Fee,,,,7595.25
1063,2048,Variation,,,,347.61
1064,2049,Fee,,,,6997.35
1065,2049,Variation,,,,-1492.5
1066,2050,Fee,,,,7171.25
1067,2050,Variation,,,,10256
1068,2051,Fee,,,,1326
1069,2052,Fee,,,,2371
1070,2053,Fee,,,,6419.05
1071,2054,Fee,,,,6750
1072,2054,Variation,,,,1545.5
1073,2055,Fee,,,,4280.5
1074,2056,Fee,,,,575
1075,2057,Fee,,,,990.5
1076,2058,Fee,,,,500
1077,2059,Fee,,,,23046.15
1078,2059,Variation,,,,4262.5
1079,2060,Fee,,,,370
1080,2061,Fee,,,,220
1081,2062,Fee,,,,877.5
1082,2063,Fee,,,,2985
1083,2064,Fee,,,,9842.5
1084,2064,Variation,,,,13173.5
1085,2065,Fee,,,,10206
1086,2065,Variation,,,,9073.75
1087,2066,Fee,,,,10370
1088,2066,Variation,,,,5909
1089,2067,Fee,,,,8980
1090,2068,Fee,,,,6807.5
1091,2068,Variation,,,,850
1092,2069,Fee,,,,2895.75
1093,2070,Fee,,,,2895.75
1094,2070,Variation,,,,-2895.75
1095,2071,Fee,,,,3825.75
1096,2072,Fee,,,,1829.5
1097,2073,Fee,,,,1041.25
1098,2074,Fee,,,,4628.5
1099,2074,Variation,,,,-2134
1100,2075,Fee,,,,800
1101,2076,Fee,,,,14548.75
1102,2077,Fee,,,,0
1103,2078,Fee,,,,2000
1104,2078,Variation,,,,4100
1105,2079,Fee,,,,761
1106,2080,Fee,,,,8313.5
1107,2080,Variation,,,,363.75
1108,2081,Fee,,,,1182.5
1109,2082,Fee,,,,2573
1110,2082,Variation,,,,607
1111,2083,Fee,,,,836
1112,2084,Fee,,,,400
1113,2085,Fee,,,,1587.5
1114,2086,Fee,,,,1028.5
1115,2087,Fee,,,,537288.89
1116,2088,Fee,,,,879
1117,2089,Fee,,,,2611
1118,2090,Fee,,,,9522.5
1119,2090,Variation,,,,-3045.25
1120,2091,Fee,,,,12871
1121,2091,Variation,,,,4216.5
1122,2092,Fee,,,,6032.5
1123,2092,Variation,,,,4688.83
1124,2093,Fee,,,,6542.5
1125,2093,Variation,,,,8965.83
1126,2094,Fee,,,,6377.5
1127,2094,Variation,,,,14807.25
1128,2095,Fee,,,,8391.5
1129,2096,Fee,,,,6287.5
1130,2097,Fee,,,,5927.5
1131,2097,Variation,,,,1169.17
1132,2098,Fee,,,,6137.5
1133,2098,Variation,,,,1169.17
1134,2099,Fee,,,,6287.5
1135,2100,Fee,,,,8271.5
1136,2101,Fee,,,,10529.5
1137,2101,Variation,,,,3324.25
1138,2102,Fee,,,,6032.5
1139,2102,Variation,,,,1169.17
1140,2103,Fee,,,,2119.75
1141,2104,Fee,,,,2234.63
1142,2105,Fee,,,,7500
1143,2106,Fee,,,,3281
1144,2107,Fee,,,,4421
1145,2107,Variation,,,,158.63
1146,2108,Fee,,,,3067.5
1147,2109,Fee,,,,6847.5
1148,2110,Fee,,,,2564.5
1149,2110,Variation,,,,865
1150,2111,Fee,,,,2927.5
1151,2112,Fee,,,,3858.5
1152,2112,Variation,,,,-1076
1153,2113,Fee,,,,3258.5
1154,2113,Variation,,,,3182.5
1155,2114,Fee,,,,988
1156,2115,Fee,,,,410
1157,2116,Fee,,,,771.5
1158,2117,Fee,,,,37332
1159,2117,Variation,,,,-19502.3
1160,2118,Fee,,,,5365.5
1161,2118,Variation,,,,3412.25
1162,2119,Fee,,,,4256.5
1163,2120,Fee,,,,2613
1164,2121,Fee,,,,12350.25
1165,2121,Variation,,,,2124.75
1166,2122,Fee,,,,4856.25
1167,2123,Fee,,,,2162
1168,2124,Fee,,,,462
1169,2125,Fee,,,,750
1170,2126,Fee,,,,13291
1171,2126,Variation,,,,8273.25
1172,2127,Fee,,,,19750.75
1173,2127,Variation,,,,2877
1174,2128,Fee,,,,1800
1175,2128,Variation,,,,1000
1176,2129,Fee,,,,21150.25
1177,2129,Variation,,,,5910.75
1178,2130,Fee,,,,3711.5
1179,2130,Variation,,,,1299
1180,2131,Fee,,,,750
1181,2132,Fee,,,,55277.75
1182,2132,Variation,,,,13478.75
1183,2133,Fee,,,,2000
1184,2134,Fee,,,,29400
1185,2134,Variation,,,,14306.63
1186,2135,Fee,,,,14565.5
1187,2135,Variation,,,,1474.5
1188,2136,Fee,,,,14673.5
1189,2136,Variation,,,,3687
1190,2137,Fee,,,,48466.75
1191,2138,Fee,,,,12625.5
1192,2138,Variation,,,,520.75
1193,2139,Fee,,,,23629.75
1194,2139,Variation,,,,670
1195,2140,Fee,,,,2076
1196,2141,Fee,,,,2009.5
1197,2141,Variation,,,,300
1198,2142,Fee,,,,10057
1199,2143,Fee,,,,4880.75
1200,2144,Fee,,,,5090.75
1201,2145,Fee,,,,5090.75
1202,2146,Fee,,,,5090.75
1203,2147,Fee,,,,29045.75
1204,2148,Fee,,,,3890.5
1205,2148,Variation,,,,9164
1206,2149,Fee,,,,11265.5
1207,2150,Fee,,,,0
1208,2151,Fee,,,,1685.5
1209,2152,Fee,,,,14784.75
1210,2152,Variation,,,,1337.1
1211,2153,Fee,,,,8200
1212,2154,Fee,,,,2856.25
1213,2154,Variation,,,,1192.5
1214,2155,Fee,,,,4000
1215,2156,Fee,,,,26704
1216,2157,Fee,,,,427.5
1217,2158,Fee,,,,3901
1218,2159,Fee,,,,1637.75
1219,2159,Variation,,,,325.5
1220,2160,Fee,,,,2214.73
1221,2161,Fee,,,,4216
1222,2161,Variation,,,,2554
1223,2162,Fee,,,,0
1224,2163,Fee,,,,61234
1225,2163,Variation,,,,80259.5
1226,2164,Fee,,,,12500
1227,2164,Variation,,,,2500
1228,2165,Fee,,,,7199
1229,2166,Fee,,,,17607.9
1230,2166,Variation,,,,-1219.75
1231,2167,Fee,,,,0
1232,2168,Fee,,,,2600
1233,2169,Fee,,,,491.28
1234,2170,Fee,,,,26306.75
1235,2170,Variation,,,,645
1236,2171,Fee,,,,6659.5
1237,2172,Fee,,,,6183
1238,2172,Variation,,,,-2189.5
1239,2173,Fee,,,,7891.75
1240,2174,Fee,,,,4199.5
1241,2175,Fee,,,,4893.75
1242,2176,Fee,,,,23023.75
1243,2177,Fee,,,,20350
1244,2178,Fee,,,,2835.5
1245,2179,Fee,,,,46878.27
1246,2179,Variation,,,,44423.5
1247,2180,Fee,,,,0
1248,2181,Fee,,,,0
1249,2182,Fee,,,,0
1250,2183,Fee,,,,0
1251,2184,Fee,,,,0
1252,2185,Fee,,,,0
1253,2186,Fee,,,,0
1254,2187,Fee,,,,12106
1255,2187,Variation,,,,8571.5
1256,2188,Fee,,,,4200
1257,2189,Fee,,,,583.5
1258,2190,Fee,,,,11618
1259,2190,Variation,,,,1668.48
1260,2191,Fee,,,,14768
1261,2191,Variation,,,,12191.25
1262,2192,Fee,,,,13449.5
1263,2193,Fee,,,,5762.5
1264,2194,Fee,,,,1643
1265,2195,Fee,,,,1237.25
1266,2195,Variation,,,,11599
1267,2196,Fee,,,,7269
1268,2196,Variation,,,,-1386.35
1269,2197,Fee,,,,800
1270,2198,Fee,,,,2933
1271,2199,Fee,,,,1100
1272,2200,Fee,,,,2243.25
1273,2201,Fee,,,,950.75
1274,2202,Fee,,,,4432.5
1275,2203,Fee,,,,1365.5
1276,2203,Variation,,,,1
1277,2204,Fee,,,,1510.75
1278,2204,Variation,,,,2317.75
1279,2205,Fee,,,,14880.5
1280,2206,Fee,,,,2500
1281,2207,Fee,,,,557
1282,2208,Fee,,,,1366.5
1283,2209,Fee,,,,2135.25
1284,2209,Variation,,,,-3
1285,2210,Fee,,,,5641.75
1286,2210,Variation,,,,2711
1287,2211,Fee,,,,1415
1288,2212,Fee,,,,15822.5
1289,2212,Variation,,,,8700.75
1290,2213,Fee,,,,4877.25
1291,2214,Fee,,,,26679.5
1292,2215,Fee,,,,3683.75
1293,2216,Fee,,,,18371.25
1294,2217,Fee,,,,21784.75
1295,2217,Variation,,,,8325.5
1296,2218,Fee,,,,10582.5
1297,2218,Variation,,,,7276
1298,2219,Fee,,,,24733.75
1299,2220,Fee,,,,15792.25
1300,2221,Fee,,,,20277.75
1301,2221,Variation,,,,23914
1302,2222,Fee,,,,19736.75
1303,2222,Variation,,,,6057.25
1304,2223,Fee,,,,508
1305,2223,Variation,,,,508
1306,2224,Fee,,,,880
1307,2224,Variation,,,,-220
1308,2225,Fee,,,,7495
1309,2226,Fee,,,,4246
1310,2226,Variation,,,,-351
1311,2227,Fee,,,,641.25
1312,2228,Fee,,,,855
1313,2228,Variation,,,,641.25
1314,2229,Fee,,,,1215.5
1315,2230,Fee,,,,8722.98
1316,2230,Variation,,,,34268.5
1317,2231,Fee,,,,6130.15
1318,2231,Variation,,,,692.25
1319,2232,Fee,,,,6874.79
1320,2232,Variation,,,,692.25
1321,2233,Fee,,,,20685.75
1322,2234,Fee,,,,11970.7
1323,2235,Fee,,,,10776.57
1324,2235,Variation,,,,1218.49
1325,2236,Fee,,,,11963.84
1326,2237,Fee,,,,11957.96
1327,2238,Fee,,,,11037.25
1328,2238,Variation,,,,922.67
1329,2239,Fee,,,,29976.37
1330,2240,Fee,,,,6581.68
1331,2240,Variation,,,,5548.61
1332,2241,Fee,,,,6555.71
1333,2241,Variation,,,,5477.5
1334,2242,Fee,,,,16500.83
1335,2243,Fee,,,,9316.13
1336,2243,Variation,,,,6247.5
1337,2244,Fee,,,,5228
1338,2244,Variation,,,,5932.18
1339,2245,Fee,,,,6059.1
1340,2245,Variation,,,,8369.81
1341,2246,Fee,,,,5285.14
1342,2246,Variation,,,,6075.61
1343,2247,Fee,,,,6079.92
1344,2247,Variation,,,,7644.04
1345,2248,Fee,,,,7811.56
1346,2248,Variation,,,,30428.75
1347,2249,Fee,,,,8556.87
1348,2249,Variation,,,,2440.25
1349,2250,Fee,,,,1899
1350,2251,Fee,,,,12782.75
1351,2251,Variation,,,,47530.25
1352,2252,Fee,,,,9966.5
1353,2252,Variation,,,,6870
1354,2253,Fee,,,,20267.98
1355,2253,Variation,,,,3609.5
1356,2254,Fee,,,,653
1357,2255,Fee,,,,6115.75
1358,2255,Variation,,,,1966
1359,2256,Fee,,,,3807
1360,2257,Fee,,,,14000
1361,2257,Variation,,,,8036
1362,2258,Fee,,,,1426.75
1363,2258,Variation,,,,6481.43
1364,2259,Fee,,,,6842.5
1365,2260,Fee,,,,488.5
1366,2261,Fee,,,,985
1367,2262,Fee,,,,2386.75
1368,2263,Fee,,,,65535.5
1369,2264,Fee,,,,0
1370,2265,Fee,,,,681
1371,2266,Fee,,,,1716.25
1372,2266,Variation,,,,-205
1373,2267,Fee,,,,566
1374,2267,Variation,,,,1106.75
1375,2268,Fee,,,,19277
1376,2269,Fee,,,,86659.5
1377,2270,Fee,,,,2051.25
1378,2271,Fee,,,,28480.75
1379,2271,Variation,,,,2490
1380,2272,Fee,,,,796.5
1381,2273,Fee,,,,10899.5
1382,2274,Fee,,,,858.5
1383,2275,Fee,,,,5906
1384,2276,Fee,,,,26035
1385,2276,Variation,,,,-7904
1386,2277,Fee,,,,557
1387,2278,Fee,,,,1198
1388,2278,Variation,,,,1057
1389,2279,Fee,,,,2583
1390,2279,Variation,,,,3985.25
1391,2280,Fee,,,,953
1392,2281,Fee,,,,34215.75
1393,2282,Fee,,,,1908
1394,2283,Fee,,,,1388
1395,2283,Variation,,,,3799.75
1396,2284,Fee,,,,1500
1397,2285,Fee,,,,2870
1398,2286,Fee,,,,1810.75
1399,2286,Variation,,,,489.5
1400,2287,Fee,,,,5489.5
1401,2287,Variation,,,,-3721.5
1402,2288,Fee,,,,0
1403,2289,Fee,,,,8889
1404,2289,Variation,,,,7108.25
1405,2290,Fee,,,,868
1406,2290,Variation,,,,1306
1407,2291,Fee,,,,5600
1408,2291,Variation,,,,-5600
1409,2292,Fee,,,,1614
1410,2293,Fee,,,,616
1411,2294,Fee,,,,21993
1412,2294,Variation,,,,3119
1413,2295,Fee,,,,8896.25
1414,2295,Variation,,,,-3239.75
1415,2296,Fee,,,,1414
1416,2297,Fee,,,,5400
1417,2297,Variation,,,,558.75
1418,2298,Fee,,,,350
1419,2299,Fee,,,,2252.25
1420,2299,Variation,,,,747
1421,2300,Fee,,,,361.5
1422,2301,Fee,,,,17087
1423,2301,Variation,,,,-5154.5
1424,2302,Fee,,,,1057
1425,2302,Variation,,,,868
1426,2303,Fee,,,,1274.5
1427,2304,Fee,,,,870
1428,2304,Variation,,,,742
1429,2305,Fee,,,,3207.5
1430,2305,Variation,,,,1147.5
1431,2306,Fee,,,,5144.27
1432,2306,Variation,,,,1619.94
1433,2307,Fee,,,,1041.1
1434,2308,Fee,,,,3425.5
1435,2309,Fee,,,,3000
1436,2310,Fee,,,,1085
1437,2311,Fee,,,,6481.5
1438,2312,Fee,,,,1020
1439,2313,Fee,,,,6345
1440,2313,Variation,,,,4108.95
1441,2314,Fee,,,,3750
1442,2315,Fee,,,,2900
1443,2315,Variation,,,,700
1444,2316,Fee,,,,13542
1445,2316,Variation,,,,20245.5
1446,2317,Fee,,,,600
1447,2317,Variation,,,,250
1448,2318,Fee,,,,2429.5
1449,2319,Fee,,,,21052.25
1450,2319,Variation,,,,22903.25
1451,2320,Fee,,,,1902
1452,2320,Variation,,,,3857.25
1453,2321,Fee,,,,1909.59
1454,2321,Variation,,,,1013.63
1455,2322,Fee,,,,868
1456,2323,Fee,,,,1010
1457,2324,Fee,,,,2799.25
1458,2324,Variation,,,,1575
1459,2325,Fee,,,,4208.25
1460,2326,Fee,,,,10796.5
1461,2326,Variation,,,,28834
1462,2327,Fee,,,,0
1463,2328,Fee,,,,0
1464,2329,Fee,,,,0
1465,2330,Fee,,,,0
1466,2331,Fee,,,,0
1467,2332,Fee,,,,28634.25
1468,2332,Variation,,,,-4370.25
1469,2333,Fee,,,,26745.75
1470,2334,Fee,,,,21506.5
1471,2335,Fee,,,,10725
1472,2336,Fee,,,,17045.3
1473,2337,Fee,,,,7377
1474,2337,Variation,,,,-307.5
1475,2338,Fee,,,,12143.5
1476,2338,Variation,,,,3947
1477,2339,Fee,,,,5163.25
1478,2339,Variation,,,,3777.25
1479,2340,Fee,,,,1375
1480,2341,Fee,,,,650
1481,2341,Variation,,,,300
1482,2342,Fee,,,,1000
1483,2342,Variation,,,,2850
1484,2343,Fee,,,,15116.5
1485,2343,Variation,,,,3666
1486,2344,Fee,,,,12968
1487,2344,Variation,,,,815
1488,2345,Fee,,,,1626.25
1489,2346,Fee,,,,1626.25
1490,2347,Fee,,,,130384.25
1491,2348,Fee,,,,2054.25
1492,2349,Fee,,,,2899.13
1493,2350,Fee,,,,5015.5
1494,2350,Variation,,,,2000
1495,2351,Fee,,,,20472.5
1496,2352,Fee,,,,9155.25
1497,2353,Fee,,,,1086
1498,2354,Fee,,,,1124
1499,2355,Fee,,,,36669.5
1500,2355,Variation,,,,-1937.25
1501,2356,Fee,,,,2269
1502,2357,Fee,,,,1124
1503,2357,Variation,,,,908
1504,2358,Fee,,,,20118.5
1505,2358,Variation,,,,10824
1506,2359,Fee,,,,18151.5
1507,2359,Variation,,,,11647.5
1508,2360,Fee,,,,24177.75
1509,2360,Variation,,,,26923
1510,2361,Fee,,,,4025
1511,2362,Fee,,,,2961.25
1512,2363,Fee,,,,1698.5
1513,2364,Fee,,,,54796.5
1514,2364,Variation,,,,50603.9
1515,2365,Fee,,,,9133.8
1516,2366,Fee,,,,3002.75
1517,2366,Variation,,,,3629.75
1518,2367,Fee,,,,750
1519,2368,Fee,,,,2263.25
1520,2368,Variation,,,,5771.5
1521,2369,Fee,,,,3152.25
1522,2370,Fee,,,,11459.5
1523,2371,Fee,,,,14772
1524,2372,Fee,,,,6500
1525,2373,Fee,,,,137364.75
1526,2373,Variation,,,,4027.5
1527,2374,Fee,,,,5075.5
1528,2375,Fee,,,,6432.5
1529,2376,Fee,,,,11709.25
1530,2376,Variation,,,,9347.5
1531,2377,Fee,,,,11649.75
1532,2378,Fee,,,,3235
1533,2379,Fee,,,,0
1534,2380,Fee,,,,2662.3
1535,2380,Variation,,,,-2129.84
1536,2381,Fee,,,,13357.25
1537,2382,Fee,,,,14999.5
1538,2382,Variation,,,,3896
1539,2383,Fee,,,,16311.5
1540,2384,Fee,,,,24458.25
1541,2384,Variation,,,,11624.5
1542,2385,Fee,,,,32773.25
1543,2385,Variation,,,,18199.75
1544,2386,Fee,,,,25796.75
1545,2386,Variation,,,,17585.2
1546,2387,Fee,,,,35010.25
1547,2387,Variation,,,,13521
1548,2388,Fee,,,,13178
1549,2389,Fee,,,,854
1550,2390,Fee,,,,1148.5
1551,2391,Fee,,,,16934.5
1552,2392,Fee,,,,1728.75
1553,2392,Variation,,,,1663
1554,2393,Fee,,,,2640
1555,2393,Variation,,,,587.5
1556,2394,Fee,,,,10730.5
1557,2395,Fee,,,,1495
1558,2395,Variation,,,,2427.5
1559,2396,Fee,,,,2588
1560,2397,Fee,,,,1148.5
1561,2397,Variation,,,,850
1562,2398,Fee,,,,7102.5
1563,2398,Variation,,,,-5205.5
1564,2399,Fee,,,,154412.9
1565,2400,Fee,,,,2921.75
1566,2400,Variation,,,,6833
1567,2401,Fee,,,,11700.5
1568,2401,Variation,,,,-4534.87
1569,2402,Fee,,,,2100
1570,2403,Fee,,,,1000
1571,2404,Fee,,,,1707.5
1572,2404,Variation,,,,1290
1573,2405,Fee,,,,45205.25
1574,2405,Variation,,,,17530.37
1575,2406,Fee,,,,10774.75
1576,2407,Fee,,,,850
1577,2407,Variation,,,,1197.5
1578,2408,Fee,,,,3722.75
1579,2409,Fee,,,,0
1580,2410,Fee,,,,82962.5
1581,2410,Variation,,,,2098.5
1582,2411,Fee,,,,11798
1583,2412,Fee,,,,3028.5
1584,2412,Variation,,,,1360
1585,2413,Fee,,,,12000
1586,2414,Fee,,,,1455
1587,2414,Variation,,,,750
1588,2415,Fee,,,,18759.75
1589,2416,Fee,,,,2947
1590,2417,Fee,,,,1623
1591,2418,Fee,,,,3902.25
1592,2418,Variation,,,,1980.75
1593,2419,Fee,,,,3418.25
1594,2419,Variation,,,,954
1595,2420,Fee,,,,1100
1596,2421,Fee,,,,9477
1597,2421,Variation,,,,2500
1598,2422,Fee,,,,5090
1599,2422,Variation,,,,450
1600,2423,Fee,,,,4056.25
1601,2424,Fee,,,,6898.5
1602,2424,Variation,,,,1900
1603,2425,Fee,,,,1122.5
1604,2426,Fee,,,,1122.5
1605,2427,Fee,,,,1148.5
1606,2428,Fee,,,,1757
1607,2429,Fee,,,,0
1608,2430,Fee,,,,31585
1609,2430,Variation,,,,12265.75
1610,2431,Fee,,,,3213
1611,2432,Fee,,,,500
1612,2432,Variation,,,,841.25
1613,2433,Fee,,,,2814.5
1614,2434,Fee,,,,3751.25
1615,2434,Variation,,,,1467.5
1616,2435,Fee,,,,2281.5
1617,2436,Fee,,,,3500
1618,2437,Fee,,,,11397.02
1619,2437,Variation,,,,60915.5
1620,2438,Fee,,,,35773.7
1621,2438,Variation,,,,6840.25
1622,2439,Fee,,,,47939.75
1623,2439,Variation,,,,140236.5
1624,2440,Fee,,,,16293.23
1625,2440,Variation,,,,18045.25
1626,2441,Fee,,,,22690.75
1627,2441,Variation,,,,14062.75
1628,2442,Fee,,,,7616.94
1629,2443,Fee,,,,12560.44
1630,2443,Variation,,,,11775
1631,2444,Fee,,,,36942.66
1632,2444,Variation,,,,102159.25
1633,2445,Fee,,,,12402.25
1634,2445,Variation,,,,19412.25
1635,2446,Fee,,,,31085.79
1636,2447,Fee,,,,24623.96
1637,2447,Variation,,,,32912.97
1638,2448,Fee,,,,9311.98
1639,2448,Variation,,,,23090
1640,2449,Fee,,,,7349.31
1641,2449,Variation,,,,26779.75
1642,2450,Fee,,,,14024.75
1643,2451,Fee,,,,39223.29
1644,2452,Fee,,,,56178.74
1645,2452,Variation,,,,7390.75
1646,2453,Fee,,,,9862.13
1647,2454,Fee,,,,4576.75
1648,2454,Variation,,,,6714.25
1649,2455,Fee,,,,12395.66
1650,2456,Fee,,,,9180.12
1651,2457,Fee,,,,12563.36
1652,2457,Variation,,,,6188
1653,2458,Fee,,,,8420.1
1654,2458,Variation,,,,6351.5
1655,2459,Fee,,,,5201.87
1656,2459,Variation,,,,5557
1657,2460,Fee,,,,5201.87
1658,2460,Variation,,,,5557
1659,2461,Fee,,,,8420.1
1660,2461,Variation,,,,6738.5
1661,2462,Fee,,,,19774.46
1662,2463,Fee,,,,29203.69
1663,2463,Variation,,,,10993.5
1664,2464,Fee,,,,39182.33
1665,2464,Variation,,,,21908.5
1666,2465,Fee,,,,4532.5
1667,2466,Fee,,,,2997
1668,2466,Variation,,,,1904.5
1669,2467,Fee,,,,38781
1670,2467,Variation,,,,17176.25
1671,2468,Fee,,,,10032
1672,2468,Variation,,,,7605.5
1673,2469,Fee,,,,16841.25
1674,2469,Variation,,,,7912.75
1675,2470,Fee,,,,13626.5
1676,2470,Variation,,,,7267
1677,2471,Fee,,,,14532.75
1678,2471,Variation,,,,8152.75
1679,2472,Fee,,,,12082.75
1680,2472,Variation,,,,6520.5
1681,2473,Fee,,,,8591.5
1682,2473,Variation,,,,3029.75
1683,2474,Fee,,,,13423.5
1684,2475,Fee,,,,14833
1685,2475,Variation,,,,7402
1686,2476,Fee,,,,18487.75
1687,2476,Variation,,,,7992
1688,2477,Fee,,,,62712.25
1689,2478,Fee,,,,6650
1690,2479,Fee,,,,625
1691,2480,Fee,,,,1745.5
1692,2481,Fee,,,,3403.5
1693,2481,Variation,,,,-2180.75
1694,2482,Fee,,,,2748.5
1695,2482,Variation,,,,-1100
1696,2483,Fee,,,,1875
1697,2484,Fee,,,,1600
1698,2485,Fee,,,,29610
1699,2485,Variation,,,,3636.48
1700,2486,Fee,,,,300
1701,2487,Fee,,,,103502
1702,2488,Fee,,,,950
1703,2488,Variation,,,,1059
1704,2489,Fee,,,,344
1705,2490,Fee,,,,9798.5
1706,2490,Variation,,,,-1553
1707,2491,Fee,,,,4856
1708,2492,Fee,,,,1000
1709,2493,Fee,,,,1600
1710,2494,Fee,,,,1882
1711,2495,Fee,,,,3450.25
1712,2495,Variation,,,,-669.06
1713,2496,Fee,,,,3450.25
1714,2496,Variation,,,,-669.06
1715,2497,Fee,,,,4797
1716,2497,Variation,,,,-3837.6
1717,2498,Fee,,,,18460
1718,2499,Fee,,,,18460
1719,2500,Fee,,,,41475.75
1720,2501,Fee,,,,91122.14
1721,2502,Fee,,,,5876.5
1722,2503,Fee,,,,7480
1723,2504,Fee,,,,950
1724,2504,Variation,,,,2047.5
1725,2505,Fee,,,,23182.75
1726,2505,Variation,,,,4478
1727,2506,Fee,,,,30544
1728,2507,Fee,,,,3695
1729,2508,Fee,,,,5035
1730,2508,Variation,,,,1236.5
1731,2509,Fee,,,,3852.5
1732,2509,Variation,,,,1151.5
1733,2510,Fee,,,,28885.5
1734,2510,Variation,,,,5741
1735,2511,Fee,,,,2749.5
1736,2511,Variation,,,,600
1737,2512,Fee,,,,730.25
1738,2513,Fee,,,,34842.75
1739,2513,Variation,,,,9897
1740,2514,Fee,,,,34888
1741,2514,Variation,,,,-15279.85
1742,2515,Fee,,,,22730
1743,2515,Variation,,,,2584
1744,2516,Fee,,,,37786.17
1745,2516,Variation,,,,2626
1746,2517,Fee,,,,2072.5
1747,2518,Fee,,,,6328.5
1748,2519,Fee,,,,3846.5
1749,2519,Variation,,,,1032.5
1750,2520,Fee,,,,5595
1751,2521,Fee,,,,3440.25
1752,2521,Variation,,,,2583.5
1753,2522,Fee,,,,10247
1754,2522,Variation,,,,123089.75
1755,2523,Fee,,,,2748
1756,2523,Variation,,,,0.5
1757,2524,Fee,,,,1015
1758,2525,Fee,,,,1455
1759,2526,Fee,,,,6147.5
1760,2527,Fee,,,,3901.25
1761,2528,Fee,,,,3901.25
1762,2529,Fee,,,,4842.5
1763,2530,Fee,,,,3340.25
1764,2531,Fee,,,,3340.25
1765,2532,Fee,,,,3901.25
1766,2533,Fee,,,,3340.25
1767,2534,Fee,,,,17679.25
1768,2534,Variation,,,,18246.75
1769,2535,Fee,,,,19545.5
1770,2536,Fee,,,,17014.75
1771,2536,Variation,,,,33860
1772,2537,Fee,,,,2029.5
1773,2538,Fee,,,,8953.25
1774,2538,Variation,,,,2809
1775,2539,Fee,,,,1151
1776,2539,Variation,,,,0.5
1777,2540,Fee,,,,2606.5
1778,2541,Fee,,,,11046.25
1779,2542,Fee,,,,1151.5
1780,2542,Variation,,,,2901.5
1781,2543,Fee,,,,816
1782,2544,Fee,,,,34371.95
1783,2545,Fee,,,,7550
1784,2546,Fee,,,,1517.5
1785,2547,Fee,,,,7570.5
1786,2547,Variation,,,,391.1
1787,2548,Fee,,,,1290
1788,2549,Fee,,,,17452
1789,2550,Fee,,,,28227.75
1790,2550,Variation,,,,3168.01
1791,2551,Fee,,,,104799.13
1792,2551,Variation,,,,290011.99
1793,2552,Fee,,,,6881.5
1794,2553,Fee,,,,2997
1795,2554,Fee,,,,0
1796,2555,Fee,,,,2974.75
1797,2556,Fee,,,,1075
1798,2557,Fee,,,,1075
1799,2558,Fee,,,,1075
1800,2559,Fee,,,,1600
1801,2559,Variation,,,,1137.5
1802,2560,Fee,,,,1059.5
1803,2561,Fee,,,,6299.75
1804,2561,Variation,,,,-1250
1805,2562,Fee,,,,1645
1806,2562,Variation,,,,183.5
1807,2563,Fee,,,,0
1808,2564,Fee,,,,1740
1809,2564,Variation,,,,350
1810,2565,Fee,,,,10267.75
1811,2566,Fee,,,,58883
1812,2566,Variation,,,,21621.51
1813,2567,Fee,,,,31283.25
1814,2568,Fee,,,,37323.75
1815,2568,Variation,,,,14635.55
1816,2569,Fee,,,,2358.5
1817,2570,Fee,,,,5996.25
1818,2571,Fee,,,,1400
1819,2571,Variation,,,,654
1820,2572,Fee,,,,3821.39
1821,2573,Fee,,,,852
1822,2574,Fee,,,,8268.5
1823,2574,Variation,,,,3842.5
1824,2575,Fee,,,,12432.3
1825,2576,Fee,,,,1755
1826,2577,Fee,,,,40548.55
1827,2577,Variation,,,,13711
1828,2578,Fee,,,,552
1829,2579,Fee,,,,2098.5
1830,2580,Fee,,,,10922.5
1831,2581,Fee,,,,15640
1832,2581,Variation,,,,-2552.5
1833,2582,Fee,,,,17600.25
1834,2583,Fee,,,,3192.75
1835,2584,Fee,,,,4006.5
1836,2585,Fee,,,,0
1837,2586,Fee,,,,765.5
1838,2587,Fee,,,,14000
1839,2587,Variation,,,,23053.5
1840,2588,Fee,,,,1304
1841,2589,Fee,,,,0
1842,2590,Fee,,,,16080.5
1843,2591,Fee,,,,16176
1844,2591,Variation,,,,661.25
1845,2592,Fee,,,,4984.5
1846,2592,Variation,,,,-471.25
1847,2593,Fee,,,,5000
1848,2593,Variation,,,,2806.75
1849,2594,Fee,,,,4752
1850,2595,Fee,,,,10109.13
1851,2595,Variation,,,,-2582.5
1852,2596,Fee,,,,74122
1853,2597,Fee,,,,22653.5
1854,2597,Variation,,,,4711.25
1855,2598,Fee,,,,37752
1856,2599,Fee,,,,4711.25
1857,2599,Variation,,,,27283.5
1858,2600,Fee,,,,66341.5
1859,2601,Fee,,,,8012.75
1860,2601,Variation,,,,18930
1861,2602,Fee,,,,0
1862,2603,Fee,,,,0
1863,2604,Fee,,,,11984
1864,2604,Variation,,,,31834
1865,2605,Fee,,,,0
1866,2606,Fee,,,,68145.5
1867,2607,Fee,,,,0
1868,2608,Fee,,,,0
1869,2609,Fee,,,,0
1870,2610,Fee,,,,0
1871,2611,Fee,,,,0
1872,2612,Fee,,,,0
1873,2613,Fee,,,,16755
1874,2613,Variation,,,,571
1875,2614,Fee,,,,7171.5
1876,2614,Variation,,,,10076.25
1877,2615,Fee,,,,7124
1878,2615,Variation,,,,10076.25
1879,2616,Fee,,,,1917.15
1880,2617,Fee,,,,5454.5
1881,2617,Variation,,,,1568.5
1882,2618,Fee,,,,802
1883,2619,Fee,,,,4050
1884,2620,Fee,,,,4534.75
1885,2621,Fee,,,,310.75
1886,2622,Fee,,,,4950
1887,2622,Variation,,,,4147.5
1888,2623,Fee,,,,0
1889,2624,Fee,,,,12005.5
1890,2625,Fee,,,,5191
1891,2626,Fee,,,,5838
1892,2626,Variation,,,,6206.25
1893,2627,Fee,,,,1400
1894,2628,Fee,,,,9652.25
1895,2628,Variation,,,,2239
1896,2629,Fee,,,,3182
1897,2629,Variation,,,,950
1898,2630,Fee,,,,5725
1899,2630,Variation,,,,-1275
1900,2631,Fee,,,,2646
1901,2632,Fee,,,,2569.25
1902,2633,Fee,,,,0
1903,2634,Fee,,,,0
1904,2635,Fee,,,,1417.5
1905,2635,Variation,,,,672
1906,2636,Fee,,,,1151.5
1907,2637,Fee,,,,1837.5
1908,2638,Fee,,,,62909.35
1909,2638,Variation,,,,65151.12
1910,2639,Fee,,,,23650
1911,2639,Variation,,,,10776.25
1912,2640,Fee,,,,3750.5
1913,2640,Variation,,,,-1957.62
1914,2641,Fee,,,,2974.75
1915,2642,Fee,,,,7993.5
1916,2642,Variation,,,,7932.75
1917,2643,Fee,,,,9190.25
1918,2643,Variation,,,,-1507.5
1919,2644,Fee,,,,1100
1920,2644,Variation,,,,950
1921,2645,Fee,,,,40183.25
1922,2646,Fee,,,,6440.25
1923,2647,Fee,,,,5336
1924,2648,Fee,,,,10830.25
1925,2649,Fee,,,,7691
1926,2650,Fee,,,,9977.75
1927,2651,Fee,,,,1099.75
1928,2652,Fee,,,,15156.5
1929,2653,Fee,,,,30228.35
1930,2654,Fee,,,,1471
1931,2655,Fee,,,,96292.5
1932,2655,Variation,,,,35979.75
1933,2656,Fee,,,,3109.25
1934,2657,Fee,,,,0
1935,2658,Fee,,,,3639
1936,2658,Variation,,,,5318.75
1937,2659,Fee,,,,2558.86
1938,2660,Fee,,,,1085.25
1939,2661,Fee,,,,496.25
1940,2662,Fee,,,,761.25
1941,2663,Fee,,,,4082
1942,2664,Fee,,,,10536.25
1943,2664,Variation,,,,1476
1944,2665,Fee,,,,1857.5
1945,2666,Fee,,,,486.75
1946,2667,Fee,,,,40293.25
1947,2668,Fee,,,,22309
1948,2668,Variation,,,,5933.5
1949,2669,Fee,,,,9668.25
1950,2669,Variation,,,,5045.5
1951,2670,Fee,,,,7250
1952,2671,Fee,,,,3662.25
1953,2672,Fee,,,,871.75
1954,2673,Fee,,,,1903
1955,2674,Fee,,,,2292.75
1956,2675,Fee,,,,11272.25
1957,2675,Variation,,,,1918.5
1958,2676,Fee,,,,2205.5
1959,2677,Fee,,,,31412.75
1960,2677,Variation,,,,-666
1961,2678,Fee,,,,4045.5
1962,2679,Fee,,,,17756
1963,2679,Variation,,,,1247
1964,2680,Fee,,,,13988.5
1965,2681,Fee,,,,17417.75
1966,2682,Fee,,,,491
1967,2683,Fee,,,,12030
1968,2683,Variation,,,,-2312.5
1969,2684,Fee,,,,24847
1970,2685,Fee,,,,1289.5
1971,2685,Variation,,,,3156
1972,2686,Fee,,,,1652.5
1973,2686,Variation,,,,1450
1974,2687,Fee,,,,3375
1975,2688,Fee,,,,1540
1976,2689,Fee,,,,4061
1977,2689,Variation,,,,-3153
1978,2690,Fee,,,,7961.5
1979,2690,Variation,,,,602
1980,2691,Fee,,,,1688
1981,2692,Fee,,,,8858.75
1982,2693,Fee,,,,3189
1983,2694,Fee,,,,4690.25
1984,2694,Variation,,,,1130
1985,2695,Fee,,,,9049
1986,2696,Fee,,,,3522
1987,2696,Variation,,,,838
1988,2697,Fee,,,,3499.25
1989,2697,Variation,,,,798.75
1990,2698,Fee,,,,467
1991,2699,Fee,,,,6097
1992,2700,Fee,,,,39218
1993,2701,Fee,,,,3605
1994,2701,Variation,,,,52372.75
1995,2702,Fee,,,,5919.5
1996,2703,Fee,,,,1874
1997,2704,Fee,,,,2097.5
1998,2704,Variation,,,,2398
1999,2705,Fee,,,,13497
2000,2705,Variation,,,,-4897.25
2001,2706,Fee,,,,4495
2002,2706,Variation,,,,-650
2003,2707,Fee,,,,2581
2004,2707,Variation,,,,2885.75
2005,2708,Fee,,,,1151.5
2006,2709,Fee,,,,6510.75
2007,2710,Fee,,,,4710.25
2008,2711,Fee,,,,1644.25
2009,2712,Fee,,,,50236.95
2010,2712,Variation,,,,-8214.95
2011,2713,Fee,,,,48150.25
2012,2714,Fee,,,,320
2013,2715,Fee,,,,1352.5
2014,2715,Variation,,,,2282.5
2015,2716,Fee,,,,4250
2016,2717,Fee,,,,42828.25
2017,2718,Fee,,,,728
2018,2718,Variation,,,,587.5
2019,2719,Fee,,,,2104.5
2020,2720,Fee,,,,2813.5
2021,2720,Variation,,,,9918.5
2022,2721,Fee,,,,69781.75
2023,2721,Variation,,,,23804
2024,2722,Fee,,,,1151.5
2025,2723,Fee,,,,67240
2026,2723,Variation,,,,11239.8
2027,2724,Fee,,,,67164
2028,2725,Fee,,,,1686
2029,2726,Fee,,,,3406.5
2030,2726,Variation,,,,750
2031,2727,Fee,,,,5072.75
2032,2727,Variation,,,,1311.75
2033,2728,Fee,,,,1043.5
2034,2729,Fee,,,,11451.25
2035,2730,Fee,,,,1987
2036,2731,Fee,,,,3798
2037,2731,Variation,,,,2728
2038,2732,Fee,,,,7260
2039,2732,Variation,,,,1796
2040,2733,Fee,,,,7100
2041,2733,Variation,,,,630
2042,2734,Fee,,,,618
2043,2735,Fee,,,,3867
2044,2736,Fee,,,,7451.75
2045,2737,Fee,,,,1912.25
2046,2738,Fee,,,,2129
2047,2738,Variation,,,,606
2048,2739,Fee,,,,5909.5
2049,2739,Variation,,,,732.25
2050,2740,Fee,,,,8883.25
2051,2740,Variation,,,,2800.5
2052,2741,Fee,,,,4381.5
2053,2741,Variation,,,,1032.5
2054,2742,Fee,,,,1918
2055,2743,Fee,,,,2605.5
2056,2743,Variation,,,,-2405.5
2057,2744,Fee,,,,10695.25
2058,2744,Variation,,,,6497.75
2059,2745,Fee,,,,64606.68
2060,2746,Fee,,,,55482.75
2061,2746,Variation,,,,10749.54
2062,2747,Fee,,,,75125.25
2063,2748,Fee,,,,19750.58
2064,2749,Fee,,,,27275.58
2065,2749,Variation,,,,2345
2066,2750,Fee,,,,45477.58
2067,2750,Variation,,,,7050.5
2068,2751,Fee,,,,6273
2069,2752,Fee,,,,750
2070,2753,Fee,,,,24231.25
2071,2753,Variation,,,,1943
2072,2754,Fee,,,,27368.28
2073,2754,Variation,,,,7047
2074,2755,Fee,,,,5284
2075,2756,Fee,,,,6245.75
2076,2756,Variation,,,,6304.5
2077,2757,Fee,,,,1172
2078,2758,Fee,,,,2195.75
2079,2759,Fee,,,,13232.5
2080,2760,Fee,,,,350
2081,2761,Fee,,,,891.5
2082,2762,Fee,,,,4918
2083,2763,Fee,,,,1115
2084,2763,Variation,,,,25611.5
2085,2764,Fee,,,,1120
2086,2764,Variation,,,,9771.5
2087,2765,Fee,,,,8469.5
2088,2766,Fee,,,,8473.25
2089,2767,Fee,,,,1620.75
2090,2768,Fee,,,,4819
2091,2768,Variation,,,,961.25
2092,2769,Fee,,,,4003.5
2093,2770,Fee,,,,950
2094,2771,Fee,,,,0
2095,2772,Fee,,,,11160
2096,2772,Variation,,,,892.5
2097,2773,Fee,,,,3883.25
2098,2773,Variation,,,,11529
2099,2774,Fee,,,,1151.5
2100,2775,Fee,,,,7150.25
2101,2775,Variation,,,,7053.25
2102,2776,Fee,,,,3815
2103,2777,Fee,,,,10264.5
2104,2778,Fee,,,,3443
2105,2779,Fee,,,,1717.5
2106,2779,Variation,,,,948.5
2107,2780,Fee,,,,2986.5
2108,2781,Fee,,,,727.5
2109,2782,Fee,,,,137481.91
2110,2783,Fee,,,,35613
2111,2783,Variation,,,,10600
2112,2784,Fee,,,,28510
2113,2785,Fee,,,,2979
2114,2786,Fee,,,,6823.5
2115,2787,Fee,,,,2200
2116,2788,Fee,,,,323
2117,2789,Fee,,,,5106.25
2118,2790,Fee,,,,0
2119,2791,Fee,,,,1335
2120,2792,Fee,,,,2436.25
2121,2793,Fee,,,,5820.5
2122,2793,Variation,,,,997
2123,2794,Fee,,,,2195.75
2124,2795,Fee,,,,11388.15
2125,2795,Variation,,,,3972
2126,2796,Fee,,,,941
2127,2797,Fee,,,,1602.5
2128,2798,Fee,,,,1602.5
2129,2799,Fee,,,,26108.25
2130,2799,Variation,,,,10303
2131,2800,Fee,,,,54601.25
2132,2800,Variation,,,,6470
2133,2801,Fee,,,,3787.5
2134,2802,Fee,,,,2417.75
2135,2803,Fee,,,,11182.31
2136,2804,Fee,,,,11384
2137,2804,Variation,,,,3552
2138,2805,Fee,,,,2400
2139,2805,Variation,,,,1151.5
2140,2806,Fee,,,,1945
2141,2806,Variation,,,,47078
2142,2807,Fee,,,,4409
2143,2807,Variation,,,,331
2144,2808,Fee,,,,1025.5
2145,2808,Variation,,,,1700
2146,2809,Fee,,,,1796
2147,2810,Fee,,,,1663
2148,2811,Fee,,,,8008.5
2149,2812,Fee,,,,10134
2150,2813,Fee,,,,6997.5
2151,2814,Fee,,,,83000
2152,2815,Fee,,,,4729.75
2153,2816,Fee,,,,1166
2154,2817,Fee,,,,13338
2155,2818,Fee,,,,12802.5
2156,2819,Fee,,,,9788.75
2157,2820,Fee,,,,9834.75
2158,2821,Fee,,,,9834.75
2159,2822,Fee,,,,9827.75
2160,2823,Fee,,,,9808.75
2161,2824,Fee,,,,9803.75
2162,2825,Fee,,,,15901
2163,2826,Fee,,,,15901
2164,2827,Fee,,,,13772.25
2165,2828,Fee,,,,10343
2166,2829,Fee,,,,34161.5
2167,2830,Fee,,,,45975.5
2168,2830,Variation,,,,-0.76
2169,2831,Fee,,,,12581.25
2170,2832,Fee,,,,16715.25
2171,2833,Fee,,,,4042
2172,2834,Fee,,,,5218.75
2173,2834,Variation,,,,3740
2174,2835,Fee,,,,23992
2175,2835,Variation,,,,-16557.5
2176,2836,Fee,,,,2896
2177,2836,Variation,,,,950
2178,2837,Fee,,,,42334
2179,2837,Variation,,,,19180.5
2180,2838,Fee,,,,2464
2181,2839,Fee,,,,8600
2182,2840,Fee,,,,1290
2183,2840,Variation,,,,20811.63
2184,2841,Fee,,,,10899.25
2185,2842,Fee,,,,41321.5
2186,2842,Variation,,,,11616.5
2187,2843,Fee,,,,665
2188,2843,Variation,,,,2142.75
2189,2844,Fee,,,,819.5
2190,2844,Variation,,,,1326.5
2191,2845,Fee,,,,13900
2192,2845,Variation,,,,-5320
2193,2846,Fee,,,,7200
2194,2846,Variation,,,,2360
2195,2847,Fee,,,,2309.75
2196,2847,Variation,,,,4434.25
2197,2848,Fee,,,,873
2198,2848,Variation,,,,-873
2199,2849,Fee,,,,30000
2200,2849,Variation,,,,17485.25
2201,2850,Fee,,,,750
2202,2850,Variation,,,,930
2203,2851,Fee,,,,951.5
2204,2852,Fee,,,,2004.25
2205,2852,Variation,,,,1944
2206,2853,Fee,,,,1022.5
2207,2854,Fee,,,,5109.5
2208,2855,Fee,,,,1116.5
2209,2856,Fee,,,,137.5
2210,2857,Fee,,,,4736.25
2211,2857,Variation,,,,6555
2212,2858,Fee,,,,3874
2213,2859,Fee,,,,950
2214,2860,Fee,,,,3300
2215,2860,Variation,,,,2950
2216,2861,Fee,,,,6150
2217,2861,Variation,,,,750
2218,2862,Fee,,,,1603
2219,2863,Fee,,,,12030
2220,2864,Fee,,,,7564
2221,2865,Fee,,,,755
2222,2866,Fee,,,,2537
2223,2867,Fee,,,,0
2224,2868,Fee,,,,0
2225,2869,Fee,,,,11200
2226,2869,Variation,,,,7110.5
2227,2870,Fee,,,,10360.75
2228,2870,Variation,,,,4849.75
2229,2871,Fee,,,,2872.5
2230,2871,Variation,,,,6022
2231,2872,Fee,,,,896.75
2232,2873,Fee,,,,5799.5
2233,2874,Fee,,,,37802.75
2234,2874,Variation,,,,5830.5
2235,2875,Fee,,,,3298.5
2236,2875,Variation,,,,3474.25
2237,2876,Fee,,,,3700
2238,2877,Fee,,,,9980.5
2239,2877,Variation,,,,18905.25
2240,2878,Fee,,,,1100
2241,2879,Fee,,,,3500
2242,2880,Fee,,,,2880.25
2243,2881,Fee,,,,15812.75
2244,2881,Variation,,,,950
2245,2882,Fee,,,,4126.25
2246,2882,Variation,,,,14642.5
2247,2883,Fee,,,,8099.5
2248,2883,Variation,,,,472.75
2249,2884,Fee,,,,15503.5
2250,2885,Fee,,,,595
2251,2886,Fee,,,,31582
2252,2887,Fee,,,,1232.75
2253,2887,Variation,,,,5187.25
2254,2888,Fee,,,,0
2255,2889,Fee,,,,45350.4
2256,2890,Fee,,,,9623.5
2257,2890,Variation,,,,1218.75
2258,2891,Fee,,,,1151.5
2259,2892,Fee,,,,3551.5
2260,2893,Fee,,,,3232
2261,2893,Variation,,,,1510.5
2262,2894,Fee,,,,3232
2263,2895,Fee,,,,1345.75
2264,2896,Fee,,,,15628
2265,2896,Variation,,,,12896
2266,2897,Fee,,,,57756.5
2267,2898,Fee,,,,5425
2268,2898,Variation,,,,151.5
2269,2899,Fee,,,,36183
2270,2899,Variation,,,,20354.02
2271,2900,Fee,,,,4980
2272,2901,Fee,,,,4094.5
2273,2901,Variation,,,,-613.5
2274,2902,Fee,,,,8904.25
2275,2903,Fee,,,,13176.5
2276,2904,Fee,,,,3377
2277,2904,Variation,,,,1224
2278,2905,Fee,,,,8390.5
2279,2906,Fee,,,,2680.75
2280,2907,Fee,,,,1211
2281,2907,Variation,,,,18042
2282,2908,Fee,,,,6637
2283,2909,Fee,,,,1957.5
2284,2910,Fee,,,,5774
2285,2910,Variation,,,,906.5
2286,2911,Fee,,,,850
2287,2912,Fee,,,,11131.25
2288,2912,Variation,,,,6949.75
2289,2913,Fee,,,,1571.75
2290,2914,Fee,,,,4512.95
2291,2915,Fee,,,,1151.5
2292,2916,Fee,,,,875
2293,2917,Fee,,,,2447.75
2294,2917,Variation,,,,250
2295,2918,Fee,,,,2394.5
2296,2918,Variation,,,,17182.5
2297,2919,Fee,,,,0
2298,2920,Fee,,,,3500
2299,2920,Variation,,,,2948
2300,2921,Fee,,,,56384.5
2301,2922,Fee,,,,39491
2302,2923,Fee,,,,10638.75
2303,2923,Variation,,,,5175
2304,2924,Fee,,,,59096.25
2305,2925,Fee,,,,39606
2306,2925,Variation,,,,1695
2307,2926,Fee,,,,11736.5
2308,2927,Fee,,,,9204.25
2309,2927,Variation,,,,7045
2310,2928,Fee,,,,21174.25
2311,2928,Variation,,,,19481.5
2312,2929,Fee,,,,56087.45
2313,2929,Variation,,,,34077.3
2314,2930,Fee,,,,1130
2315,2931,Fee,,,,950
2316,2932,Fee,,,,2934.75
2317,2933,Fee,,,,950
2318,2934,Fee,,,,9351.5
2319,2935,Fee,,,,17795
2320,2935,Variation,,,,13454.5
2321,2936,Fee,,,,21030
2322,2937,Fee,,,,0
2323,2938,Fee,,,,23330.5
2324,2938,Variation,,,,2054
2325,2939,Fee,,,,17283
2326,2939,Variation,,,,8492
2327,2940,Fee,,,,4623.5
2328,2941,Fee,,,,6916.5
2329,2941,Variation,,,,2939.6
2330,2942,Fee,,,,2000
2331,2943,Fee,,,,1607.5
2332,2943,Variation,,,,4949
2333,2944,Fee,,,,9845.5
2334,2944,Variation,,,,500
2335,2945,Fee,,,,3080.5
2336,2946,Fee,,,,1151.5
2337,2947,Fee,,,,1151.5
2338,2948,Fee,,,,5134
2339,2948,Variation,,,,1735
2340,2949,Fee,,,,32166.25
2341,2949,Variation,,,,18229.25
2342,2950,Fee,,,,1800
2343,2951,Fee,,,,26853.75
2344,2952,Fee,,,,3774
2345,2953,Fee,,,,996
2346,2954,Fee,,,,3452.5
2347,2954,Variation,,,,5317
2348,2955,Fee,,,,1539
2349,2955,Variation,,,,1104
2350,2956,Fee,,,,7653
2351,2956,Variation,,,,248
2352,2957,Fee,,,,97768.75
2353,2957,Variation,,,,168333.25
2354,2958,Fee,,,,75095.25
2355,2958,Variation,,,,241238
2356,2959,Fee,,,,3848.25
2357,2959,Variation,,,,1250
2358,2960,Fee,,,,10010.5
2359,2961,Fee,,,,2425.75
2360,2962,Fee,,,,935
2361,2962,Variation,,,,935
2362,2963,Fee,,,,11260
2363,2964,Fee,,,,128595.85
2364,2964,Variation,,,,82036.02
2365,2965,Fee,,,,750
2366,2966,Fee,,,,755.5
2367,2967,Fee,,,,522
2368,2968,Fee,,,,39001.25
2369,2969,Fee,,,,2402
2370,2970,Fee,,,,2785.75
2371,2971,Fee,,,,28385
2372,2971,Variation,,,,6740
2373,2972,Fee,,,,626
2374,2973,Fee,,,,93256.76
2375,2974,Fee,,,,3443.75
2376,2975,Fee,,,,843.25
2377,2975,Variation,,,,843.25
2378,2976,Fee,,,,5771.5
2379,2977,Fee,,,,2046.5
2380,2977,Variation,,,,15945.3
2381,2978,Fee,,,,9700
2382,2978,Variation,,,,387
2383,2979,Fee,,,,4642
2384,2979,Variation,,,,1693.5
2385,2980,Fee,,,,29866.5
2386,2980,Variation,,,,27662.5
2387,2981,Fee,,,,10000
2388,2982,Fee,,,,1900
2389,2982,Variation,,,,2375
2390,2983,Fee,,,,47946.25
2391,2983,Variation,,,,21012.75
2392,2984,Fee,,,,4391
2393,2985,Fee,,,,5950.5
2394,2986,Fee,,,,930
2395,2987,Fee,,,,6545
2396,2988,Fee,,,,0
2397,2989,Fee,,,,237.5
2398,2990,Fee,,,,8746.75
2399,2990,Variation,,,,16555.75
2400,2991,Fee,,,,13382.75
2401,2991,Variation,,,,14174.63
2402,2992,Fee,,,,131113.5
2403,2993,Fee,,,,2405.5
2404,2993,Variation,,,,450
2405,2994,Fee,,,,500
2406,2995,Fee,,,,1917.25
2407,2996,Fee,,,,12591.5
2408,2996,Variation,,,,2766
2409,2997,Fee,,,,2214
2410,2997,Variation,,,,3037.5
2411,2998,Fee,,,,3632
2412,2999,Fee,,,,10482
2413,2999,Variation,,,,5977.5
2414,3000,Fee,,,,1045
2415,3001,Fee,,,,0
2416,3002,Fee,,,,6877
2417,3002,Variation,,,,6154.5
2418,3003,Fee,,,,10595
2419,3003,Variation,,,,6154.5
2420,3004,Fee,,,,7584.5
2421,3004,Variation,,,,3212
2422,3005,Fee,,,,8313
2423,3006,Fee,,,,1045
2424,3006,Variation,,,,450
2425,3007,Fee,,,,857.5
2426,3008,Fee,,,,5164.5
2427,3009,Fee,,,,3805
2428,3009,Variation,,,,-230.5
2429,3010,Fee,,,,56644.63
2430,3011,Fee,,,,1087
2431,3012,Fee,,,,8315
2432,3012,Variation,,,,15140
2433,3013,Fee,,,,1420
2434,3014,Fee,,,,429
2435,3015,Fee,,,,0
2436,3016,Fee,,,,790
2437,3016,Variation,,,,2790.25
2438,3017,Fee,,,,894
2439,3018,Fee,,,,29143
2440,3018,Variation,,,,13322.75
2441,3019,Fee,,,,11270
2442,3020,Fee,,,,1602
2443,3020,Variation,,,,1524
2444,3021,Fee,,,,2826
2445,3021,Variation,,,,3351
2446,3022,Fee,,,,2491.5
2447,3023,Fee,,,,1978
2448,3024,Fee,,,,3619.25
2449,3025,Fee,,,,7651
2450,3025,Variation,,,,813
2451,3026,Fee,,,,1218.5
2452,3027,Fee,,,,5742.25
2453,3027,Variation,,,,967.75
2454,3028,Fee,,,,1704
2455,3029,Fee,,,,14376.5
2456,3029,Variation,,,,38930
2457,3030,Fee,,,,1045
2458,3031,Fee,,,,1225
2459,3032,Fee,,,,2467
2460,3033,Fee,,,,950
2461,3034,Fee,,,,2740.75
2462,3035,Fee,,,,659
2463,3036,Fee,,,,4141.5
2464,3037,Fee,,,,44424.75
2465,3037,Variation,,,,20780
2466,3038,Fee,,,,750
2467,3039,Fee,,,,3570
2468,3039,Variation,,,,1703.5
2469,3040,Fee,,,,9985.25
2470,3041,Fee,,,,2891.75
2471,3042,Fee,,,,2499
2472,3042,Variation,,,,826
2473,3043,Fee,,,,2345
2474,3043,Variation,,,,9085
2475,3044,Fee,,,,13741
2476,3045,Fee,,,,6194.5
2477,3046,Fee,,,,3939
2478,3046,Variation,,,,6736.75
2479,3047,Fee,,,,4545
2480,3048,Fee,,,,1476.5
2481,3049,Fee,,,,11778.75
2482,3049,Variation,,,,10127.5
2483,3050,Fee,,,,8520.5
2484,3050,Variation,,,,13637
2485,3051,Fee,,,,3723
2486,3051,Variation,,,,13747
2487,3052,Fee,,,,1500
2488,3052,Variation,,,,1059
2489,3053,Fee,,,,31851.5
2490,3053,Variation,,,,13862.5
2491,3054,Fee,,,,7342.5
2492,3054,Variation,,,,-1910.75
2493,3055,Fee,,,,1045
2494,3056,Fee,,,,6439.5
2495,3057,Fee,,,,434
2496,3058,Fee,,,,15179.75
2497,3059,Fee,,,,15141.25
2498,3059,Variation,,,,14178.13
2499,3060,Fee,,,,1881.75
2500,3061,Fee,,,,4722.5
2501,3062,Fee,,,,4284.25
2502,3063,Fee,,,,3051.5
2503,3064,Fee,,,,5198.75
2504,3065,Fee,,,,3418.5
2505,3066,Fee,,,,11673.75
2506,3066,Variation,,,,5638.7
2507,3067,Fee,,,,417.5
2508,3068,Fee,,,,3753.5
2509,3069,Fee,,,,3920
2510,3069,Variation,,,,-2050
2511,3070,Fee,,,,8723.25
2512,3070,Variation,,,,13386.25
2513,3071,Fee,,,,0
2514,3072,Fee,,,,2760
2515,3072,Variation,,,,16148.5
2516,3073,Fee,,,,44613
2517,3074,Fee,,,,3672
2518,3075,Fee,,,,2840.5
2519,3076,Fee,,,,1421.5
2520,3077,Fee,,,,5165.25
2521,3077,Variation,,,,957.5
2522,3078,Fee,,,,12255.5
2523,3079,Fee,,,,19809
2524,3080,Fee,,,,3401
2525,3081,Fee,,,,4192.5
2526,3082,Fee,,,,5910
2527,3082,Variation,,,,1113
2528,3083,Fee,,,,23496
2529,3084,Fee,,,,5214.25
2530,3085,Fee,,,,1596
2531,3086,Fee,,,,14106.25
2532,3086,Variation,,,,21111
2533,3087,Fee,,,,935
2534,3088,Fee,,,,1500
2535,3089,Fee,,,,26134.5
2536,3089,Variation,,,,4683
2537,3090,Fee,,,,5365.25
2538,3090,Variation,,,,1397
2539,3091,Fee,,,,6032.5
2540,3092,Fee,,,,4123.5
2541,3093,Fee,,,,5045.5
2542,3094,Fee,,,,3397.75
2543,3095,Fee,,,,3176
2544,3096,Fee,,,,16490
2545,3097,Fee,,,,73869.75
2546,3098,Fee,,,,11098
2547,3099,Fee,,,,8371.5
2548,3100,Fee,,,,666
2549,3100,Variation,,,,5040.75
2550,3101,Fee,,,,2185
2551,3102,Fee,,,,0
2552,3103,Fee,,,,62554.55
2553,3103,Variation,,,,20035.5
2554,3104,Fee,,,,73866.55
2555,3104,Variation,,,,60044.25
2556,3105,Fee,,,,84358.8
2557,3105,Variation,,,,54634.68
2558,3106,Fee,,,,83709.8
2559,3106,Variation,,,,80451.59
2560,3107,Fee,,,,70107.3
2561,3107,Variation,,,,46915.57
2562,3108,Fee,,,,100464.15
2563,3108,Variation,,,,49315.75
2564,3109,Fee,,,,18725.5
2565,3110,Fee,,,,1493.75
2566,3110,Variation,,,,689.5
2567,3111,Fee,,,,2454.5
2568,3111,Variation,,,,265
2569,3112,Fee,,,,4201
2570,3113,Fee,,,,1949
2571,3114,Fee,,,,6257.5
2572,3115,Fee,,,,0
2573,3116,Fee,,,,0
2574,3117,Fee,,,,1823
2575,3118,Fee,,,,1430.75
2576,3119,Fee,,,,1500
2577,3120,Fee,,,,1200
2578,3121,Fee,,,,1296
2579,3122,Fee,,,,3122.5
2580,3123,Fee,,,,935
2581,3124,Fee,,,,2495.5
2582,3124,Variation,,,,8503.5
2583,3125,Fee,,,,4781.5
2584,3126,Fee,,,,21977.25
2585,3126,Variation,,,,17793.75
2586,3127,Fee,,,,4761.25
2587,3128,Fee,,,,500
2588,3129,Fee,,,,566
2589,3129,Variation,,,,991
2590,3130,Fee,,,,1770
2591,3131,Fee,,,,2465.8
2592,3131,Variation,,,,11838.9
2593,3132,Fee,,,,19656
2594,3133,Fee,,,,7436.5
2595,3133,Variation,,,,6125
2596,3134,Fee,,,,1520
2597,3135,Fee,,,,11017.5
2598,3135,Variation,,,,6171.3
2599,3136,Fee,,,,11017.5
2600,3136,Variation,,,,6171.3
2601,3137,Fee,,,,1295
2602,3138,Fee,,,,19247
2603,3138,Variation,,,,26592
2604,3139,Fee,,,,1245
2605,3139,Variation,,,,1775
2606,3140,Fee,,,,1098
2607,3141,Fee,,,,1245
2608,3141,Variation,,,,656
2609,3142,Fee,,,,994
2610,3143,Fee,,,,27092
2611,3143,Variation,,,,19273.5
2612,3144,Fee,,,,1000
2613,3145,Fee,,,,309
2614,3146,Fee,,,,232
2615,3147,Fee,,,,656
2616,3148,Fee,,,,935
2617,3149,Fee,,,,1220.5
2618,3150,Fee,,,,10180.75
2619,3151,Fee,,,,6752.25
2620,3151,Variation,,,,4135
2621,3152,Fee,,,,929
2622,3153,Fee,,,,7595
2623,3154,Fee,,,,2480
2624,3154,Variation,,,,1435
2625,3155,Fee,,,,2434.75
2626,3155,Variation,,,,3265.5
2627,3156,Fee,,,,7373
2628,3157,Fee,,,,18493
2629,3158,Fee,,,,1265
2630,3159,Fee,,,,1098
2631,3160,Fee,,,,18418.5
2632,3161,Fee,,,,18272
2633,3162,Fee,,,,45838.5
2634,3163,Fee,,,,44529.75
2635,3164,Fee,,,,6106
2636,3165,Fee,,,,12540.5
2637,3166,Fee,,,,12540.5
2638,3167,Fee,,,,950
2639,3168,Fee,,,,24106
2640,3168,Variation,,,,7196
2641,3169,Fee,,,,1473
2642,3170,Fee,,,,6934.75
2643,3170,Variation,,,,17993.25
2644,3171,Fee,,,,49345.5
2645,3172,Fee,,,,16956.25
2646,3172,Variation,,,,19226.25
2647,3173,Fee,,,,1549
2648,3174,Fee,,,,2880.5
2649,3175,Fee,,,,6850
2650,3176,Fee,,,,12702.25
2651,3177,Fee,,,,2488.75
2652,3178,Fee,,,,30760.75
2653,3179,Fee,,,,117130.75
2654,3179,Variation,,,,63187.5
2655,3180,Fee,,,,6083.75
2656,3181,Fee,,,,2354
2657,3181,Variation,,,,11129.2
2658,3182,Fee,,,,15391.5
2659,3182,Variation,,,,1233.4
2660,3183,Fee,,,,20083.5
2661,3183,Variation,,,,13704
2662,3184,Fee,,,,936
2663,3184,Variation,,,,4264
2664,3185,Fee,,,,1636
2665,3186,Fee,,,,1636
2666,3187,Fee,,,,0
2667,3188,Fee,,,,5405.25
2668,3189,Fee,,,,10733
2669,3190,Fee,,,,10112.5
2670,3191,Fee,,,,10112.5
2671,3192,Fee,,,,10117.5
2672,3193,Fee,,,,10117.5
2673,3194,Fee,,,,10144.5
2674,3195,Fee,,,,29124
2675,3196,Fee,,,,22341.75
2676,3197,Fee,,,,29174.85
2677,3198,Fee,,,,20534
2678,3199,Fee,,,,28425.75
2679,3200,Fee,,,,40840.52
2680,3201,Fee,,,,19862.65
2681,3201,Variation,,,,28633
2682,3202,Fee,,,,66608.89
2683,3203,Fee,,,,37260.34
2684,3204,Fee,,,,2947.75
2685,3205,Fee,,,,2435
2686,3205,Variation,,,,3066
2687,3206,Fee,,,,16312
2688,3206,Variation,,,,2005.25
2689,3207,Fee,,,,2082
2690,3208,Fee,,,,12648.75
2691,3209,Fee,,,,1221
2692,3209,Variation,,,,495.25
2693,3210,Fee,,,,1509
2694,3211,Fee,,,,2330.75
2695,3212,Fee,,,,30439.5
2696,3212,Variation,,,,14377.25
2697,3213,Fee,,,,28857.5
2698,3214,Fee,,,,9045
2699,3215,Fee,,,,1265
2700,3216,Fee,,,,7671.5
2701,3217,Fee,,,,2564
2702,3218,Fee,,,,550
2703,3219,Fee,,,,6630
2704,3220,Fee,,,,2250
2705,3220,Variation,,,,364.04
2706,3221,Fee,,,,896.25
2707,3222,Fee,,,,1245
2708,3223,Fee,,,,1533
2709,3223,Variation,,,,-1533
2710,3224,Fee,,,,51046.4
2711,3224,Variation,,,,9602.5
2712,3225,Fee,,,,0
2713,3226,Fee,,,,8452.5
2714,3227,Fee,,,,8687.5
2715,3227,Variation,,,,555
2716,3228,Fee,,,,5323.38
2717,3229,Fee,,,,4406.5
2718,3230,Fee,,,,3352
2719,3231,Fee,,,,12755.5
2720,3232,Fee,,,,124981.5
2721,3233,Fee,,,,10794.8
2722,3234,Fee,,,,13622.75
2723,3235,Fee,,,,13808.5
2724,3235,Variation,,,,0.01
2725,3236,Fee,,,,17825.5
2726,3236,Variation,,,,0.01
2727,3237,Fee,,,,14073
2728,3238,Fee,,,,40603
2729,3238,Variation,,,,3050
2730,3239,Fee,,,,37268.5
2731,3240,Fee,,,,118710.5
2732,3240,Variation,,,,73568.25
2733,3241,Fee,,,,17279.5
2734,3241,Variation,,,,2043.75
2735,3242,Fee,,,,32424.5
2736,3242,Variation,,,,20075
2737,3243,Fee,,,,11466.5
2738,3244,Fee,,,,17058.25
2739,3245,Fee,,,,2707.25
2740,3245,Variation,,,,639
2741,3246,Fee,,,,8571.75
2742,3246,Variation,,,,3186
2743,3247,Fee,,,,1473
2744,3248,Fee,,,,1473
2745,3249,Fee,,,,1473
2746,3250,Fee,,,,1473
2747,3251,Fee,,,,1269.25
2748,3252,Fee,,,,1864
2749,3253,Fee,,,,1500
2750,3253,Variation,,,,2651.5
2751,3254,Fee,,,,25483.75
2752,3255,Fee,,,,19961.6
2753,3255,Variation,,,,2175
2754,3256,Fee,,,,9871.25
2755,3257,Fee,,,,778
2756,3258,Fee,,,,6035
2757,3258,Variation,,,,3753.75
2758,3259,Fee,,,,1777
2759,3260,Fee,,,,12540.5
2760,3261,Fee,,,,12540.5
2761,3262,Fee,,,,2374
2762,3262,Variation,,,,1195.5
2763,3263,Fee,,,,15008.25
2764,3264,Fee,,,,1445
2765,3265,Fee,,,,59393.25
2766,3265,Variation,,,,56325.7
2767,3266,Fee,,,,16049.75
2768,3267,Fee,,,,1988.5
2769,3267,Variation,,,,538.75
2770,3268,Fee,,,,1029.5
2771,3269,Fee,,,,5894.25
2772,3270,Fee,,,,2296.25
2773,3271,Fee,,,,6946.5
2774,3271,Variation,,,,1950
2775,3272,Fee,,,,7928
2776,3273,Fee,,,,26202.15
2777,3274,Fee,,,,2794.5
2778,3275,Fee,,,,400
2779,3276,Fee,,,,2530.35
2780,3276,Variation,,,,7202.05
2781,3277,Fee,,,,1500
2782,3278,Fee,,,,6902
2783,3278,Variation,,,,5812.5
2784,3279,Fee,,,,7210.5
2785,3279,Variation,,,,3415.6
2786,3280,Fee,,,,11148.5
2787,3280,Variation,,,,2400
2788,3281,Fee,,,,1103
2789,3281,Variation,,,,5226.25
2790,3282,Fee,,,,5860
2791,3283,Fee,,,,2771
2792,3284,Fee,,,,19483
2793,3285,Fee,,,,5467.75
2794,3285,Variation,,,,5217.5
2795,3286,Fee,,,,9660.25
2796,3286,Variation,,,,3955
2797,3287,Fee,,,,1484
2798,3288,Fee,,,,83681.25
2799,3289,Fee,,,,964
2800,3289,Variation,,,,892.5
2801,3290,Fee,,,,833.5
2802,3291,Fee,,,,1950
2803,3292,Fee,,,,1980.5
2804,3293,Fee,,,,13219.25
2805,3293,Variation,,,,762.5
2806,3294,Fee,,,,0
2807,3295,Fee,,,,41623
2808,3295,Variation,,,,11811.25
2809,3296,Fee,,,,1863.5
2810,3297,Fee,,,,31234.16
2811,3298,Fee,,,,6586
2812,3299,Fee,,,,6647.5
2813,3300,Fee,,,,2624.25
2814,3301,Fee,,,,3317
2815,3302,Fee,,,,16082
2816,3303,Fee,,,,46980.5
2817,3304,Fee,,,,9033.16
2818,3304,Variation,,,,9300.32
2819,3305,Fee,,,,51046.4
2820,3305,Variation,,,,9602.5
2821,3306,Fee,,,,935
2822,3306,Variation,,,,935
2823,3307,Fee,,,,3424
2824,3308,Fee,,,,5210.5
2825,3309,Fee,,,,1200
2826,3310,Fee,,,,1488.5
2827,3311,Fee,,,,2700
2828,3312,Fee,,,,21550.75
2829,3312,Variation,,,,7377.83
2830,3313,Fee,,,,62249.88
2831,3314,Fee,,,,1182
2832,3315,Fee,,,,935.75
2833,3316,Fee,,,,33760
2834,3317,Fee,,,,1734.25
2835,3318,Fee,,,,7357.5
2836,3319,Fee,,,,1337.5
2837,3320,Fee,,,,0
2838,3321,Fee,,,,1620
2839,3321,Variation,,,,5057.5
2840,3322,Fee,,,,3495
2841,3322,Variation,,,,3495
2842,3323,Fee,,,,6912.5
2843,3323,Variation,,,,5362.5
2844,3324,Fee,,,,15593.75
2845,3325,Fee,,,,17521.25
2846,3325,Variation,,,,7210.25
2847,3326,Fee,,,,185
2848,3327,Fee,,,,3126
2849,3328,Fee,,,,2800
2850,3329,Fee,,,,4390
2851,3330,Fee,,,,15992.5
2852,3330,Variation,,,,13747.25
2853,3331,Fee,,,,4401.3
2854,3332,Fee,,,,1880
2855,3333,Fee,,,,4210
2856,3334,Fee,,,,2603.75
2857,3335,Fee,,,,2820.75
2858,3336,Fee,,,,3800
2859,3337,Fee,,,,7003.5
2860,3337,Variation,,,,7551
2861,3338,Fee,,,,2402.65
2862,3339,Fee,,,,4969
2863,3340,Fee,,,,2162.5
2864,3341,Fee,,,,10150
2865,3342,Fee,,,,3455.5
2866,3342,Variation,,,,2721.5
2867,3343,Fee,,,,7632.5
2868,3344,Fee,,,,3143.75
2869,3345,Fee,,,,3888.75
2870,3346,Fee,,,,10874
2871,3347,Fee,,,,10122.5
2872,3347,Variation,,,,1987.5
2873,3348,Fee,,,,1100
2874,3348,Variation,,,,2926.25
2875,3349,Fee,,,,3727.5
2876,3350,Fee,,,,3575
2877,3351,Fee,,,,4780
2878,3351,Variation,,,,505
2879,3352,Fee,,,,55641.25
2880,3353,Fee,,,,23411
2881,3354,Fee,,,,491.5
2882,3355,Fee,,,,11640.75
2883,3355,Variation,,,,8306.25
2884,3356,Fee,,,,423.5
2885,3357,Fee,,,,1232.5
2886,3358,Fee,,,,17888.5
2887,3359,Fee,,,,8088.75
2888,3359,Variation,,,,2820
2889,3360,Fee,,,,4948.75
2890,3361,Fee,,,,10662.4
2891,3362,Fee,,,,12245
2892,3363,Fee,,,,1100
2893,3363,Variation,,,,2826.5
2894,3364,Fee,,,,6761.25
2895,3365,Fee,,,,9655
2896,3366,Fee,,,,8700.5
2897,3367,Fee,,,,2631.6
2898,3367,Variation,,,,2627.5
2899,3368,Fee,,,,6240
2900,3369,Fee,,,,11212
2901,3370,Fee,,,,33686.87
2902,3371,Fee,,,,1987.5
2903,3372,Fee,,,,1467.5
2904,3373,Fee,,,,4257.85
2905,3374,Fee,,,,4756.25
2906,3375,Fee,,,,2168.75
2907,3376,Fee,,,,33331.25
2908,3377,Fee,,,,1250
2909,3378,Fee,,,,8123.75
2910,3379,Fee,,,,12434
2911,3380,Fee,,,,4727.5
2912,3381,Fee,,,,4245
2913,3381,Variation,,,,2733.76
2914,3382,Fee,,,,1382.5
2915,3383,Fee,,,,1360
2916,3384,Fee,,,,15752.5
2917,3385,Fee,,,,4604.5
2918,3385,Variation,,,,18089.5
2919,3386,Fee,,,,1507.5
2920,3387,Fee,,,,6238.75
2921,3387,Variation,,,,-2616.5
2922,3388,Fee,,,,3105
2923,3389,Fee,,,,28514
2924,3390,Fee,,,,0
2925,3391,Fee,,,,0
2926,3392,Fee,,,,1302.5
2927,3393,Fee,,,,1260
2928,3394,Fee,,,,3650
2929,3395,Fee,,,,4105
2930,3396,Fee,,,,3802.5
2931,3397,Fee,,,,2640
2932,3398,Fee,,,,2747.5
2933,3399,Fee,,,,63047.3
2934,3400,Fee,,,,9323.5
2935,3401,Fee,,,,737.5
2936,3402,Fee,,,,20875
2937,3402,Variation,,,,1100
2938,3403,Fee,,,,5095
2939,3404,Fee,,,,13307.5
2940,3405,Fee,,,,2062.5
2941,3406,Fee,,,,1357.5
2942,3407,Fee,,,,2071.25
2943,3408,Fee,,,,11622.5
2944,3408,Variation,,,,4187.05
2945,3409,Fee,,,,7310
2946,3410,Fee,,,,6482.5
2947,3411,Fee,,,,2975
2948,3412,Fee,,,,1100
2949,3412,Variation,,,,5397.5
2950,3413,Fee,,,,6365
2951,3414,Fee,,,,9272.5
2952,3414,Variation,,,,1445
2953,3415,Fee,,,,8528.75
2954,3416,Fee,,,,23233.75
2955,3416,Variation,,,,2141.25
2956,3417,Fee,,,,3817.5
2957,3418,Fee,,,,12517.5
2958,3418,Variation,,,,7485
2959,3419,Fee,,,,9085
2960,3420,Fee,,,,750
2961,3421,Fee,,,,4433.75
2962,3421,Variation,,,,6046.25
2963,3422,Fee,,,,9986.25
2964,3423,Fee,,,,32570
2965,3424,Fee,,,,18052.5
2966,3425,Fee,,,,9492.5
2967,3426,Fee,,,,9852.5
2968,3426,Variation,,,,2402.5
2969,3427,Fee,,,,2621.25
2970,3428,Fee,,,,7118.75
2971,3429,Fee,,,,7773.75
2972,3430,Fee,,,,12454.15
2973,3431,Fee,,,,5190
2974,3432,Fee,,,,8422.5
2975,3433,Fee,,,,14948.75
2976,3434,Fee,,,,3480
2977,3435,Fee,,,,24702.5
2978,3436,Fee,,,,2715
2979,3437,Fee,,,,1131.25
2980,3438,Fee,,,,1806.25
2981,3439,Fee,,,,43669.38
2982,3440,Fee,,,,7418.75
2983,3441,Fee,,,,10301.75
2984,3442,Fee,,,,2135
2985,3442,Variation,,,,3926.25
2986,3443,Fee,,,,13847.5
2987,3444,Fee,,,,4532.5
2988,3444,Variation,,,,2905
2989,3445,Fee,,,,2627.5
2990,3446,Fee,,,,2643.75
2991,3447,Fee,,,,1321.25
2992,3448,Fee,,,,2995
2993,3449,Fee,,,,15722.5
2994,3450,Fee,,,,570
2995,3451,Fee,,,,5169.75
2996,3452,Fee,,,,6442.5
2997,3453,Fee,,,,3541.25
2998,3454,Fee,,,,1888.75
2999,3454,Variation,,,,1051.25
3000,3455,Fee,,,,17304.5
3001,3455,Variation,,,,9451
3002,3456,Fee,,,,2625
3003,3456,Variation,,,,7758.75
3004,3457,Fee,,,,0
3005,3458,Fee,,,,7423.75
3006,3459,Fee,,,,8502.5
3007,3460,Fee,,,,450
3008,3461,Fee,,,,6740
3009,3462,Fee,,,,930
3010,3463,Fee,,,,52943.75
3011,3464,Fee,,,,6268.5
3012,3465,Fee,,,,1976.25
3013,3466,Fee,,,,8611.25
3014,3467,Fee,,,,139846.25
3015,3468,Fee,,,,2837.5
3016,3469,Fee,,,,7936.25
3017,3470,Fee,,,,1505
3018,3471,Fee,,,,5782.5
3019,3472,Fee,,,,0
3020,3473,Fee,,,,26778
3021,3474,Fee,,,,45586.97
3022,3475,Fee,,,,2662.5
3023,3476,Fee,,,,4460
3024,3477,Fee,,,,52216.88
3025,3478,Fee,,,,32524
3026,3479,Fee,,,,18282.5
3027,3480,Fee,,,,6690
3028,3480,Variation,,,,-480
3029,3481,Fee,,,,8895.75
3030,3482,Fee,,,,1507.5
3031,3483,Fee,,,,11487
3032,3483,Variation,,,,2728.75
3033,3484,Fee,,,,0
3034,3485,Fee,,,,13872.5
3035,3486,Fee,,,,2562.5
3036,3487,Fee,,,,2387.5
3037,3488,Fee,,,,3516.55
3038,3489,Fee,,,,2365
3039,3490,Fee,,,,8995
3040,3491,Fee,,,,5100
3041,3492,Fee,,,,5100
3042,3493,Fee,,,,4488.75
3043,3494,Fee,,,,2777.5
3044,3494,Variation,,,,440
3045,3495,Fee,,,,3067.5
3046,3496,Fee,,,,6926.25
3047,3497,Fee,,,,11843.75
3048,3498,Fee,,,,3067.5
3049,3499,Fee,,,,1200
3050,3500,Fee,,,,3151.15
3051,3501,Fee,,,,720
3052,3502,Fee,,,,1880
3053,3503,Fee,,,,1987.5
3054,3504,Fee,,,,1400
3055,3505,Fee,,,,0
3056,3506,Fee,,,,2934.3
3057,3507,Fee,,,,3170
3058,3507,Variation,,,,3637
3059,3508,Fee,,,,7231.25
3060,3509,Fee,,,,48982.38
3061,3510,Fee,,,,5940
3062,3511,Fee,,,,0
3063,3512,Fee,,,,1200
3064,3513,Fee,,,,3508.25
3065,3513,Variation,,,,906.25
3066,3514,Fee,,,,1500
3067,3515,Fee,,,,1975
3068,3515,Variation,,,,2250
3069,3516,Fee,,,,7278.75
3070,3516,Variation,,,,3160
3071,3517,Fee,,,,1500
3072,3518,Fee,,,,4494
3073,3519,Fee,,,,14416.25
3074,3519,Variation,,,,2245
3075,3520,Fee,,,,4299.5
3076,3521,Fee,,,,1866.25
3077,3522,Fee,,,,1500
3078,3523,Fee,,,,2175
3079,3524,Fee,,,,5537.5
3080,3525,Fee,,,,15598.75
3081,3526,Fee,,,,11350
3082,3527,Fee,,,,4435
3083,3527,Variation,,,,9440.6
3084,3528,Fee,,,,0
3085,3529,Fee,,,,1060
3086,3530,Fee,,,,1200
3087,3531,Fee,,,,755.64
3088,3532,Fee,,,,5000
3089,3533,Fee,,,,1500
3090,3534,Fee,,,,31663.75
3091,3535,Fee,,,,1500
3092,3536,Fee,,,,5385
3093,3537,Fee,,,,1500
3094,3538,Fee,,,,812.5
3095,3539,Fee,,,,1400
3096,3540,Fee,,,,6574.5
3097,3541,Fee,,,,1525
3098,3542,Fee,,,,1500
3099,3543,Fee,,,,11705
3100,3544,Fee,,,,7602.5
3101,3545,Fee,,,,1797.5
3102,3546,Fee,,,,18050
3103,3547,Fee,,,,29038.75
3104,3548,Fee,,,,0
3105,3549,Fee,,,,6916.25
3106,3550,Fee,,,,20879.8
3107,3551,Fee,,,,4040
3108,3551,Variation,,,,1972
3109,3552,Fee,,,,30579.75
3110,3553,Fee,,,,2567.5
3111,3554,Fee,,,,2020
3112,3555,Fee,,,,1200
3113,3556,Fee,,,,1510
3114,3557,Fee,,,,1757.5
3115,3558,Fee,,,,9036.25
3116,3559,Fee,,,,6635
3117,3560,Fee,,,,1500
3118,3561,Fee,,,,4811.25
3119,3562,Fee,,,,8756.25
3120,3563,Fee,,,,10746.5
3121,3564,Fee,,,,6292.5
3122,3565,Fee,,,,5370
3123,3565,Variation,,,,1466
3124,3566,Fee,,,,1200
3125,3567,Fee,,,,1357.5
3126,3568,Fee,,,,2500
3127,3569,Fee,,,,300
3128,3570,Fee,,,,10500
3129,3571,Fee,,,,1922.5
3130,3572,Fee,,,,200
3131,3573,Fee,,,,562.5
3132,3574,Fee,,,,600
3133,3575,Fee,,,,0
3134,3576,Fee,,,,13295
3135,3577,Fee,,,,0
3136,3578,Fee,,,,0
3137,3579,Fee,,,,2330
3138,3580,Fee,,,,4025
3139,3581,Fee,,,,6530
3140,3582,Fee,,,,3667.5
3141,3583,Fee,,,,992.5
3142,3584,Fee,,,,0
3143,3585,Fee,,,,19299
3144,3586,Fee,,,,7850
3145,3587,Fee,,,,2411
3146,3587,Variation,,,,4806
3147,3588,Fee,,,,3540
3148,3589,Fee,,,,0
3149,3590,Fee,,,,0
3150,3591,Fee,,,,965
3151,3592,Fee,,,,4502
3152,3593,Fee,,,,1500
3153,3594,Fee,,,,0
3154,3595,Fee,,,,57866.25
3155,3596,Fee,,,,10204.44
3156,3597,Fee,,,,1449
3157,3598,Fee,,,,8832.5
3158,3599,Fee,,,,0
3159,3600,Fee,,,,17000
3160,3601,Fee,,,,59588.75
3161,3602,Fee,,,,10407.5
3162,3603,Fee,,,,3075
3163,3604,Fee,,,,20950.75
3164,3605,Fee,,,,0
3165,3606,Fee,,,,7182
3166,3607,Fee,,,,3309.55
3167,3608,Fee,,,,57472.5
3168,3609,Fee,,,,0
3169,3610,Fee,,,,0
3170,3611,Fee,,,,0
3171,3612,Fee,,,,0
3172,3613,Fee,,,,0
3173,3614,Fee,,,,0
3174,3615,Fee,,,,0
3175,3616,Fee,,,,0
3176,3617,Fee,,,,0
3177,3618,Fee,,,,0
3178,3619,Fee,,,,0
3179,3620,Fee,,,,0
3180,3621,Fee,,,,0
3181,1200A,Fee,,,,3750
3182,1200B,Fee,,,,2150
3183,1200C,Fee,,,,3500
3184,1347A,Fee,,,,15000
3185,1347A,Variation,,,,764
3186,1347B,Fee,,,,15000
3187,1347B,Variation,,,,-400
3188,1347C,Fee,,,,5000
3189,1350A,Fee,,,,12000
3190,1350A,Variation,,,,727.5
3191,1350B,Fee,,,,12000
3192,1350B,Variation,,,,-800
3193,1350C,Fee,,,,9000
3194,1350C,Variation,,,,-250
3195,1350D,Fee,,,,12000
3196,1350D,Variation,,,,2596.5
3197,1350E,Fee,,,,8000
3198,1350E,Variation,,,,1757.5
3199,1351A,Fee,,,,2119.25
3200,1351B,Fee,,,,0
3201,1351C,Fee,,,,0
3202,1351D,Fee,,,,0
3203,1360A,Fee,,,,12000
3204,1360B,Fee,,,,28727.5
3205,1360B,Variation,,,,-4861.5
3206,1377A,Fee,,,,26161.5
3207,1377B,Fee,,,,18785
3208,1377B,Variation,,,,-146
3209,1377C,Fee,,,,30581.5
3210,1377D,Fee,,,,18084.5
3211,1377E,Fee,,,,26676.25
3212,1381A,Fee,,,,5505.75
3213,1381B,Fee,,,,6472.25
3214,1381C,Fee,,,,4576.5
3215,1381D,Fee,,,,4295.25
3216,1381E,Fee,,,,5171.25
3217,1381E,Variation,,,,4
3218,1381F,Fee,,,,5535.25
3219,1381F,Variation,,,,837.5
3220,1381G,Fee,,,,7786
3221,1381H,Fee,,,,2950.25
3222,1381I,Fee,,,,4258.5
3223,1381J,Fee,,,,3550.5
3224,1381K,Fee,,,,269
3225,1381L,Fee,,,,6965.75
3226,1381M,Fee,,,,1865
3227,1381N,Fee,,,,7836.5
3228,1381N,Variation,,,,243.5
3229,1381O,Fee,,,,849.5
3230,1381P,Fee,,,,1054.5
3231,1381Q,Fee,,,,4532.5
3232,1381Q,Variation,,,,1449
3233,1381R,Fee,,,,1486.25
3234,1381S,Fee,,,,5842.75
3235,1381S,Variation,,,,507
3236,1381T,Fee,,,,154
3237,1381U,Fee,,,,4726
3238,1381V,Fee,,,,1608.5
3239,1428D,Fee,,,,7261.75
3240,1477A,Fee,,,,0
3241,1477B,Fee,,,,0
3242,1477C,Fee,,,,0
3243,1477D,Fee,,,,0
3244,1477E,Fee,,,,0
3245,1477F,Fee,,,,0
3246,1477G,Fee,,,,0
3247,1477H,Fee,,,,0
3248,1477I,Fee,,,,0
3249,1477J,Fee,,,,0
3250,1477K,Fee,,,,0
3251,1477L,Fee,,,,0
3252,1477M,Fee,,,,0
3253,1477N,Fee,,,,0
3254,1492A,Fee,,,,12974.25
3255,1492A,Variation,,,,2915.75
3256,1492B,Fee,,,,16792.75
3257,1492B,Variation,,,,3000.75
3258,1492C,Fee,,,,14280.5
3259,1492C,Variation,,,,1293.75
3260,1492D,Fee,,,,29019.07
3261,1492D,Variation,,,,1293.75
3262,1492E,Fee,,,,12974.25
3263,1492E,Variation,,,,2518.25
3264,1492F,Fee,,,,16792.75
3265,1492F,Variation,,,,1293.75
3266,1505A,Fee,,,,925
3267,1505B,Fee,,,,1750
3268,1694A,Fee,,,,11737.5
3269,1694A,Variation,,,,-35.2125
3270,1694B,Fee,,,,12001.5
3271,1694B,Variation,,,,-651.5
3272,1694C,Fee,,,,12001.5
3273,1694C,Variation,,,,-651.5
3274,1694D,Fee,,,,11822.5
3275,1694D,Variation,,,,-472.5
3276,1694E,Fee,,,,12031.5
3277,1694E,Variation,,,,-5321.5
3278,1694F,Fee,,,,11732.5
3279,1694F,Variation,,,,-4661
3280,1694G,Fee,,,,11107
3281,1694G,Variation,,,,-4661
3282,1694H,Fee,,,,10711.5
3283,1694H,Variation,,,,-5321.5
3284,1694I,Fee,,,,10711.5
3285,1694I,Variation,,,,-5321.5
3286,2410A,Fee,,,,0
3287,2410B,Fee,,,,0
3288,2410C,Fee,,,,0
3289,2410D,Fee,,,,0
3290,2410E,Fee,,,,0
3291,2410F,Fee,,,,0
3292,2501-001,Fee,,,,0
3293,2501-002,Fee,,,,0
3294,2501-003,Fee,,,,0
3295,2501-004,Fee,,,,0
3296,2501-005,Fee,,,,0
3297,2501-006,Fee,,,,0
3298,2501-007,Fee,,,,0
3299,2501-008,Fee,,,,0
3300,2501-009,Fee,,,,0
3301,2501-010,Fee,,,,0
3302,2501-011,Fee,,,,0
3303,2501-012,Fee,,,,0
3304,2501-013,Fee,,,,0
3305,2501-014,Fee,,,,0
3306,2501-015,Fee,,,,0
3307,2501-016,Fee,,,,0
3308,2501-017,Fee,,,,0
3309,2501-018,Fee,,,,0
3310,2501-019,Fee,,,,0
3311,2501-020,Fee,,,,0
3312,2501-020,Variation,,,,8412.25
3313,2501-021,Fee,,,,0
3314,2501-021,Variation,,,,5474.5
3315,2501-022,Fee,,,,0
3316,2501-022,Variation,,,,4360
3317,2501-023,Fee,,,,0
3318,2501-024,Fee,,,,0
3319,2501-025,Fee,,,,0
3320,2501-026,Fee,,,,0
3321,2501-027,Fee,,,,0
3322,2501-028,Fee,,,,0
3323,2587A,Fee,,,,0
3324,2587B,Fee,,,,0
3325,2587C,Fee,,,,0
3326,2587D,Fee,,,,0
3327,2587E,Fee,,,,0
3328,2587F,Fee,,,,0
3329,2587G,Fee,,,,0
3330,2587H,Fee,,,,0
3331,2587I,Fee,,,,0
3332,2587J,Fee,,,,0
